"Series";"Time";"Value"
"Price";"2018-06-03T17:00:00-07:00";1.8850794339622634
"Price";"2018-06-04T17:00:00-07:00";2.0590076041666654
"Price";"2018-06-05T17:00:00-07:00";3.5204369444444423
"Price";"2018-06-06T17:00:00-07:00";3.9680984722222252
"Price";"2018-06-07T17:00:00-07:00";3.1031284375
"Price";"2018-06-08T17:00:00-07:00";2.9787173793103463
"Price";"2018-06-09T17:00:00-07:00";2.2833153125000005
"Price";"2018-06-10T17:00:00-07:00";2.0516334374999996
"Price";"2018-06-11T17:00:00-07:00";1.8407515972222217
"Price";"2018-06-12T17:00:00-07:00";1.47724
"Price";"2018-06-13T17:00:00-07:00";1.6854049652777783
"Price";"2018-06-14T17:00:00-07:00";1.9562602777777771
"Price";"2018-06-15T17:00:00-07:00";1.8482525694444456
"Price";"2018-06-16T17:00:00-07:00";1.7709930555555562
"Price";"2018-06-17T17:00:00-07:00";1.6352765625000003
"Price";"2018-06-18T17:00:00-07:00";1.6352917708333328
"Price";"2018-06-19T17:00:00-07:00";1.500389270833334
"Price";"2018-06-20T17:00:00-07:00";1.2760386458333342
"Price";"2018-06-21T17:00:00-07:00";0.9502696470588237
"Price";"2018-06-22T17:00:00-07:00";0.9266314517241379
"Price";"2018-06-23T17:00:00-07:00";0.9866044895833337
"Price";"2018-06-24T17:00:00-07:00";1.1653456249999983
"Price";"2018-06-25T17:00:00-07:00";1.1804414756944448
"Price";"2018-06-26T17:00:00-07:00";1.0097938222996519
"Price";"2018-06-27T17:00:00-07:00";0.972213266288952
"Price";"2018-06-28T17:00:00-07:00";0.9095534726631397
"Price";"2018-06-29T17:00:00-07:00";0.908879125663716
"Price";"2018-06-30T17:00:00-07:00";0.8013786537102471
"Price";"2018-07-01T17:00:00-07:00";0.9717214495575217
"Price";"2018-07-02T17:00:00-07:00";1.1903165780141842
"Price";"2018-07-03T17:00:00-07:00";1.17015720921986
"Price";"2018-07-04T17:00:00-07:00";1.0614614369449369
"Price";"2018-07-05T17:00:00-07:00";1.0058588723404256
"Price";"2018-07-06T17:00:00-07:00";1.0177527039007077
"Price";"2018-07-07T17:00:00-07:00";1.0383013776595729
"Price";"2018-07-08T17:00:00-07:00";1.0320987358156035
"Price";"2018-07-09T17:00:00-07:00";0.9656471865008891
"Price";"2018-07-10T17:00:00-07:00";0.9046977504424771
"Price";"2018-07-11T17:00:00-07:00";0.8875462336283189
"Price";"2018-07-12T17:00:00-07:00";0.8635749240282681
"Price";"2018-07-13T17:00:00-07:00";0.8522247296819785
"Price";"2018-07-14T17:00:00-07:00";0.8621101769911506
"Price";"2018-07-15T17:00:00-07:00";0.9217693284936477
"Price";"2018-07-16T17:00:00-07:00";0.9679207221238929
"Price";"2018-07-17T17:00:00-07:00";0.9550185585106382
"Price";"2018-07-18T17:00:00-07:00";0.9058885900178247
"Price";"2018-07-19T17:00:00-07:00";0.8891790141093469
"Price";"2018-07-20T17:00:00-07:00";0.8707186796460185
"Price";"2018-07-21T17:00:00-07:00";0.87881368383659
"Price";"2018-07-22T17:00:00-07:00";0.8712541702127646
"Price";"2018-07-23T17:00:00-07:00";0.833017434628976
"Price";"2018-07-24T17:00:00-07:00";0.7742925848056539
"Price";"2018-07-25T17:00:00-07:00";0.7782173610619468
"Price";"2018-07-26T17:00:00-07:00";0.7546821749116612
"Price";"2018-07-27T17:00:00-07:00";0.8100763380530971
"Price";"2018-07-28T17:00:00-07:00";0.8422397628318586
"Price";"2018-07-29T17:00:00-07:00";0.8445636774980394
"Price";"2018-07-30T17:00:00-07:00";0.8054921293088657
"Price";"2018-07-31T17:00:00-07:00";0.7147671833486718
"Price";"2018-08-01T17:00:00-07:00";0.6968861714630084
"Price";"2018-08-02T17:00:00-07:00";0.6582599398283393
"Price";"2018-08-03T17:00:00-07:00";0.5795495247413545
"Price";"2018-08-04T17:00:00-07:00";0.5899377689855104
"Price";"2018-08-05T17:00:00-07:00";0.6932917288629131
"Price";"2018-08-06T17:00:00-07:00";0.6634123303438939
"Price";"2018-08-07T17:00:00-07:00";0.5755544952212762
"Price";"2018-08-08T17:00:00-07:00";0.5629050559398227
"Price";"2018-08-09T17:00:00-07:00";0.6942468315240283
"Price";"2018-08-10T17:00:00-07:00";0.5584093991548674
"Price";"2018-08-11T17:00:00-07:00";0.5538157905352837
"Price";"2018-08-12T17:00:00-07:00";0.5570570936350441
"Price";"2018-08-13T17:00:00-07:00";0.47433964592127636
"Price";"2018-08-14T17:00:00-07:00";0.4775953051605628
"Price";"2018-08-15T17:00:00-07:00";0.48169978298201066
"Price";"2018-08-16T17:00:00-07:00";0.5121613892835981
"Price";"2018-08-17T17:00:00-07:00";0.49953997272640865
"Price";"2018-08-18T17:00:00-07:00";0.4802569315248241
"Price";"2018-08-19T17:00:00-07:00";0.46316459591091547
"Price";"2018-08-20T17:00:00-07:00";0.43019424951161994
"Price";"2018-08-21T17:00:00-07:00";0.4464072959133924
"Price";"2018-08-22T17:00:00-07:00";0.4309111336674296
"Price";"2018-08-23T17:00:00-07:00";0.43600608458169027
"Price";"2018-08-24T17:00:00-07:00";0.45049595619030025
"Price";"2018-08-25T17:00:00-07:00";0.45617590266390845
"Price";"2018-08-26T17:00:00-07:00";0.47948149509346266
"Price";"2018-08-27T17:00:00-07:00";0.5057845860015954
"Price";"2018-08-28T17:00:00-07:00";0.4959968126101247
"Price";"2018-08-29T17:00:00-07:00";0.48753700403869277
"Price";"2018-08-30T17:00:00-07:00";0.5062750170768147
"Price";"2018-08-31T17:00:00-07:00";0.5325510112095576
"Price";"2018-09-01T17:00:00-07:00";0.5600745659180528
"Price";"2018-09-02T17:00:00-07:00";0.6115823428444249
"Price";"2018-09-03T17:00:00-07:00";0.7908797041207071
"Price";"2018-09-04T17:00:00-07:00";0.8667073055468083
"Price";"2018-09-05T17:00:00-07:00";0.7373553207274338
"Price";"2018-09-06T17:00:00-07:00";0.7437892037311511
"Price";"2018-09-07T17:00:00-07:00";0.6770580640169915
"Price";"2018-09-08T17:00:00-07:00";0.6234438072600006
"Price";"2018-09-09T17:00:00-07:00";0.5923820162920292
"Price";"2018-09-10T17:00:00-07:00";0.5865016330441486
"Price";"2018-09-11T17:00:00-07:00";0.5378824499261942
"Price";"2018-09-12T17:00:00-07:00";0.5776661053515901
"Price";"2018-09-13T17:00:00-07:00";0.5735533955281481
"Price";"2018-09-14T17:00:00-07:00";0.6669121061903653
"Price";"2018-09-15T17:00:00-07:00";0.6643914583333334
"Price";"2018-09-16T17:00:00-07:00";0.5923754582920998
"Price";"2018-09-17T17:00:00-07:00";0.6139472603970015
"Price";"2018-09-18T17:00:00-07:00";0.6324820218690269
"Price";"2018-09-19T17:00:00-07:00";0.6295330547468202
"Price";"2018-09-20T17:00:00-07:00";0.7020866234820111
"Price";"2018-09-21T17:00:00-07:00";0.72447964050124
"Price";"2018-09-22T17:00:00-07:00";0.7066727814856895
"Price";"2018-09-23T17:00:00-07:00";0.6399793030874343
"Price";"2018-09-24T17:00:00-07:00";0.5693993766310955
"Price";"2018-09-25T17:00:00-07:00";0.5573377081145862
"Price";"2018-09-26T17:00:00-07:00";0.5319081531523807
"Price";"2018-09-27T17:00:00-07:00";0.5457226621422541
"Price";"2018-09-28T17:00:00-07:00";0.5227700147573943
"Price";"2018-09-29T17:00:00-07:00";0.5194963271163736
"Price";"2018-09-30T17:00:00-07:00";0.5036227671558867
"Price";"2018-10-01T17:00:00-07:00";0.4811649331188846
"Price";"2018-10-02T17:00:00-07:00";0.46470609256329787
"Price";"2018-10-03T17:00:00-07:00";0.4311600724971427
"Price";"2018-10-04T17:00:00-07:00";0.4086728806221432
"Price";"2018-10-05T17:00:00-07:00";0.39099059929628327
"Price";"2018-10-06T17:00:00-07:00";0.3679796766320352
"Price";"2018-10-07T17:00:00-07:00";0.33124643131699094
"Price";"2018-10-08T17:00:00-07:00";0.3231810049877659
"Price";"2018-10-09T17:00:00-07:00";0.36354467789876355
"Price";"2018-10-10T17:00:00-07:00";0.35957380733362804
"Price";"2018-10-11T17:00:00-07:00";0.33872185178495556
"Price";"2018-10-12T17:00:00-07:00";0.3499543282723894
"Price";"2018-10-13T17:00:00-07:00";0.3315596972966311
"Price";"2018-10-14T17:00:00-07:00";0.3158788458529306
"Price";"2018-10-15T17:00:00-07:00";0.32537761543285965
"Price";"2018-10-16T17:00:00-07:00";0.3048623500504441
"Price";"2018-10-17T17:00:00-07:00";0.2832262558750891
"Price";"2018-10-18T17:00:00-07:00";0.27319451459840144
"Price";"2018-10-19T17:00:00-07:00";0.27682614863836574
"Price";"2018-10-20T17:00:00-07:00";0.2826607006735816
"Price";"2018-10-21T17:00:00-07:00";0.2847460010806052
"Price";"2018-10-22T17:00:00-07:00";0.2982209166659418
"Price";"2018-10-23T17:00:00-07:00";0.3057796447728723
"Price";"2018-10-24T17:00:00-07:00";0.30135829905272726
"Price";"2018-10-25T17:00:00-07:00";0.3124128274683522
"Price";"2018-10-26T17:00:00-07:00";0.33527299580567743
"Price";"2018-10-27T17:00:00-07:00";0.3489405041383912
"Price";"2018-10-28T17:00:00-07:00";0.37900771427509145
"Price";"2018-10-29T17:00:00-07:00";0.41391253055586136
"Price";"2018-10-30T17:00:00-07:00";0.39371209318793426
"Price";"2018-10-31T17:00:00-07:00";0.3976599767733085
"Price";"2018-11-01T17:00:00-07:00";0.40113464219652006
"Price";"2018-11-02T17:00:00-07:00";0.3956983388908591
"Price";"2018-11-03T17:00:00-07:00";0.40582478545522904
"Price";"2018-11-04T16:00:00-08:00";0.452829076407509
"Price";"2018-11-05T16:00:00-08:00";0.4614674039615098
"Price";"2018-11-06T16:00:00-08:00";0.45705786695138134
"Price";"2018-11-07T16:00:00-08:00";0.45050099597693755
"Price";"2018-11-08T16:00:00-08:00";0.4691813560964682
"Price";"2018-11-09T16:00:00-08:00";0.461860261236229
"Price";"2018-11-10T16:00:00-08:00";0.46056010517272744
"Price";"2018-11-11T16:00:00-08:00";0.5319774872227775
"Price";"2018-11-12T16:00:00-08:00";0.5832596497140734
"Price";"2018-11-13T16:00:00-08:00";0.5591630901370579
"Price";"2018-11-14T16:00:00-08:00";0.47656547163671614
"Price";"2018-11-15T16:00:00-08:00";0.49809350396802243
"Price";"2018-11-16T16:00:00-08:00";0.5043215658919262
"Price";"2018-11-17T16:00:00-08:00";0.4828079693452208
"Price";"2018-11-18T16:00:00-08:00";0.4966238424040368
"Price";"2018-11-19T16:00:00-08:00";0.44967387734751424
"Price";"2018-11-20T16:00:00-08:00";0.38314764024411785
"Price";"2018-11-21T16:00:00-08:00";0.3664501934992648
"Price";"2018-11-22T16:00:00-08:00";0.3276399824413163
"Price";"2018-11-23T16:00:00-08:00";0.34405752819080887
"Price";"2018-11-24T16:00:00-08:00";0.2933509051714019
"Price";"2018-11-25T16:00:00-08:00";0.32899386827630583
"Price";"2018-11-26T16:00:00-08:00";0.3439826895478666
"Price";"2018-11-27T16:00:00-08:00";0.3800495186460112
"Price";"2018-11-28T16:00:00-08:00";0.3904504060485058
"Price";"2018-11-29T16:00:00-08:00";0.3671435107163446
"Price";"2018-11-30T16:00:00-08:00";0.3972609500074335
"Price";"2018-12-01T16:00:00-08:00";0.3803179742261931
"Price";"2018-12-02T16:00:00-08:00";0.3386250155048761
"Price";"2018-12-03T16:00:00-08:00";0.3243664419092987
"Price";"2018-12-04T16:00:00-08:00";0.3107879224714776
"Price";"2018-12-05T16:00:00-08:00";0.284316145442688
"Price";"2018-12-06T16:00:00-08:00";0.22529287571159012
"Price";"2018-12-07T16:00:00-08:00";0.22418386746389005
"Price";"2018-12-08T16:00:00-08:00";0.22943990971215827
"Price";"2018-12-09T16:00:00-08:00";0.22920053777759372
"Price";"2018-12-10T16:00:00-08:00";0.2266534563597037
"Price";"2018-12-11T16:00:00-08:00";0.22917489965200555
"Price";"2018-12-12T16:00:00-08:00";0.22434269056463763
"Price";"2018-12-13T16:00:00-08:00";0.22128443462236075
"Price";"2018-12-14T16:00:00-08:00";0.21491015777377342
"Price";"2018-12-15T16:00:00-08:00";0.21804886175661567
"Price";"2018-12-16T16:00:00-08:00";0.23195663864231
"Price";"2018-12-17T16:00:00-08:00";0.24362345135243604
"Price";"2018-12-18T16:00:00-08:00";0.26607475355327664
"Price";"2018-12-19T16:00:00-08:00";0.2875306169439818
"Price";"2018-12-20T16:00:00-08:00";0.29945294005483303
"Price";"2018-12-21T16:00:00-08:00";0.2874526224793743
"Price";"2018-12-22T16:00:00-08:00";0.31820443661382825
"Price";"2018-12-23T16:00:00-08:00";0.34473440771422204
"Price";"2018-12-24T16:00:00-08:00";0.2905068893738006
"Price";"2018-12-25T16:00:00-08:00";0.26980369089782474
"Price";"2018-12-26T16:00:00-08:00";0.25825986884422664
"Price";"2018-12-27T16:00:00-08:00";0.2562794117319947
"Price";"2018-12-28T16:00:00-08:00";0.27464424476130356
"Price";"2018-12-29T16:00:00-08:00";0.2618857644168817
"Price";"2018-12-30T16:00:00-08:00";0.24464397444881758
"Price";"2018-12-31T16:00:00-08:00";0.2473200836164576
"Price";"2019-01-01T16:00:00-08:00";0.25579262108532747
"Price";"2019-01-02T16:00:00-08:00";0.23923557410483637
"Price";"2019-01-03T16:00:00-08:00";0.23835518421596186
"Price";"2019-01-04T16:00:00-08:00";0.24128163050758777
"Price";"2019-01-05T16:00:00-08:00";0.21658310400485367
"Price";"2019-01-06T16:00:00-08:00";0.2006108038514615
"Price";"2019-01-07T16:00:00-08:00";0.19329272908195494
"Price";"2019-01-08T16:00:00-08:00";0.19514110661491704
"Price";"2019-01-09T16:00:00-08:00";0.17550449274446184
"Price";"2019-01-10T16:00:00-08:00";0.17739633720120312
"Price";"2019-01-11T16:00:00-08:00";0.17873418670682725
"Price";"2019-01-12T16:00:00-08:00";0.17228619779371876
"Price";"2019-01-13T16:00:00-08:00";0.16663689559929643
"Price";"2019-01-14T16:00:00-08:00";0.17025652066372465
"Price";"2019-01-15T16:00:00-08:00";0.162603576049814
"Price";"2019-01-16T16:00:00-08:00";0.15371687205082685
"Price";"2019-01-17T16:00:00-08:00";0.18976361409873363
"Price";"2019-01-18T16:00:00-08:00";0.19049882900145043
"Price";"2019-01-19T16:00:00-08:00";0.18060984467765212
"Price";"2019-01-20T16:00:00-08:00";0.1696264635329286
"Price";"2019-01-21T16:00:00-08:00";0.16278761645607928
"Price";"2019-01-22T16:00:00-08:00";0.17254033536718658
"Price";"2019-01-23T16:00:00-08:00";0.1607640071568265
"Price";"2019-01-24T16:00:00-08:00";0.1443664890782429
"Price";"2019-01-25T16:00:00-08:00";0.12534194523153044
"Price";"2019-01-26T16:00:00-08:00";0.12940908152750585
"Price";"2019-01-27T16:00:00-08:00";0.11977140356899194
"Price";"2019-01-28T16:00:00-08:00";0.11939949309487034
"Price";"2019-01-29T16:00:00-08:00";0.1235406445999649
"Price";"2019-01-30T16:00:00-08:00";0.1328961971850809
"Price";"2019-01-31T16:00:00-08:00";0.1392267886341754
"Price";"2019-02-01T16:00:00-08:00";0.13743294339330653
"Price";"2019-02-02T16:00:00-08:00";0.13449103931788678
"Price";"2019-02-03T16:00:00-08:00";0.13092240418550097
"Price";"2019-02-04T16:00:00-08:00";0.13405407684545345
"Price";"2019-02-05T16:00:00-08:00";0.1311733659414024
"Price";"2019-02-06T16:00:00-08:00";0.12956594977366725
"Price";"2019-02-07T16:00:00-08:00";0.15570902072902354
"Price";"2019-02-08T16:00:00-08:00";0.19468873684401172
"Price";"2019-02-09T16:00:00-08:00";0.19262702629528708
"Price";"2019-02-10T16:00:00-08:00";0.1925685562964921
"Price";"2019-02-11T16:00:00-08:00";0.20242357916496798
"Price";"2019-02-12T16:00:00-08:00";0.20135192397367171
"Price";"2019-02-13T16:00:00-08:00";0.20523745956111464
"Price";"2019-02-14T16:00:00-08:00";0.19504874726227947
"Price";"2019-02-15T16:00:00-08:00";0.21460798212763083
"Price";"2019-02-16T16:00:00-08:00";0.22412407672526624
"Price";"2019-02-17T16:00:00-08:00";0.26679754164615355
"Price";"2019-02-18T16:00:00-08:00";0.2838791544640788
"Price";"2019-02-19T16:00:00-08:00";0.2997432120905866
"Price";"2019-02-20T16:00:00-08:00";0.2839186812204725
"Price";"2019-02-21T16:00:00-08:00";0.2772787521117981
"Price";"2019-02-22T16:00:00-08:00";0.2791093519259453
"Price";"2019-02-23T16:00:00-08:00";0.2813326894387891
"Price";"2019-02-24T16:00:00-08:00";0.24566386320248013
"Price";"2019-02-25T16:00:00-08:00";0.24790850033797565
"Price";"2019-02-26T16:00:00-08:00";0.2319364048270646
"Price";"2019-02-27T16:00:00-08:00";0.20570915271493787
"Price";"2019-02-28T16:00:00-08:00";0.19659171473752277
"Price";"2019-03-01T16:00:00-08:00";0.19037996356244163
"Price";"2019-03-02T16:00:00-08:00";0.18217071008809665
"Price";"2019-03-03T16:00:00-08:00";0.17567792550346947
"Price";"2019-03-04T16:00:00-08:00";0.18511395757738816
"Price";"2019-03-05T16:00:00-08:00";0.20869536174869574
"Price";"2019-03-06T16:00:00-08:00";0.21097992508132418
"Price";"2019-03-07T16:00:00-08:00";0.1966975955489236
"Price";"2019-03-08T16:00:00-08:00";0.1933568232585895
"Price";"2019-03-09T16:00:00-08:00";0.19195645292650196
"Price";"2019-03-10T17:00:00-07:00";0.18864387711090277
"Price";"2019-03-11T17:00:00-07:00";0.1741831521270861
"Price";"2019-03-12T17:00:00-07:00";0.17291109029723734
"Price";"2019-03-13T17:00:00-07:00";0.16595609333175032
"Price";"2019-03-14T17:00:00-07:00";0.17278176145879381
"Price";"2019-03-15T17:00:00-07:00";0.19554449709330463
"Price";"2019-03-16T17:00:00-07:00";0.19822428301932474
"Price";"2019-03-17T17:00:00-07:00";0.19967435754146404
"Price";"2019-03-18T17:00:00-07:00";0.19467597297321929
"Price";"2019-03-19T17:00:00-07:00";0.18315581435501765
"Price";"2019-03-20T17:00:00-07:00";0.18320149578452072
"Price";"2019-03-21T17:00:00-07:00";0.1818386388608232
"Price";"2019-03-22T17:00:00-07:00";0.18122777082616734
"Price";"2019-03-23T17:00:00-07:00";0.18462522952350796
"Price";"2019-03-24T17:00:00-07:00";0.18958953049205537
"Price";"2019-03-25T17:00:00-07:00";0.18821395457927867
"Price";"2019-03-26T17:00:00-07:00";0.1786161855253019
"Price";"2019-03-27T17:00:00-07:00";0.18206045174355237
"Price";"2019-03-28T17:00:00-07:00";0.18146450589102994
"Price";"2019-03-29T17:00:00-07:00";0.18437552780424885
"Price";"2019-03-30T17:00:00-07:00";0.18941623545364156
"Price";"2019-03-31T17:00:00-07:00";0.1864143017951543
"Price";"2019-04-01T17:00:00-07:00";0.2018059745039919
"Price";"2019-04-02T17:00:00-07:00";0.2152980040676019
"Price";"2019-04-03T17:00:00-07:00";0.2041563918293346
"Price";"2019-04-04T17:00:00-07:00";0.20556472398765788
"Price";"2019-04-05T17:00:00-07:00";0.21326285655927055
"Price";"2019-04-06T17:00:00-07:00";0.2050216962736975
"Price";"2019-04-07T17:00:00-07:00";0.2052117060784961
"Price";"2019-04-08T17:00:00-07:00";0.19048807132406675
"Price";"2019-04-09T17:00:00-07:00";0.1955717169423972
"Price";"2019-04-10T17:00:00-07:00";0.17437034270564564
"Price";"2019-04-11T17:00:00-07:00";0.1750965330631205
"Price";"2019-04-12T17:00:00-07:00";0.17633360524158287
"Price";"2019-04-13T17:00:00-07:00";0.1754673209531804
"Price";"2019-04-14T17:00:00-07:00";0.1947292561146949
"Price";"2019-04-15T17:00:00-07:00";0.1909298353443719
"Price";"2019-04-16T17:00:00-07:00";0.17979204076886085
"Price";"2019-04-17T17:00:00-07:00";0.1864602375165117
"Price";"2019-04-18T17:00:00-07:00";0.19727540241302166
"Price";"2019-04-19T17:00:00-07:00";0.19974376732720417
"Price";"2019-04-20T17:00:00-07:00";0.18831504400119795
"Price";"2019-04-21T17:00:00-07:00";0.18554474288673242
"Price";"2019-04-22T17:00:00-07:00";0.18172120817377485
"Price";"2019-04-23T17:00:00-07:00";0.1600680223433987
"Price";"2019-04-24T17:00:00-07:00";0.16029526197497068
"Price";"2019-04-25T17:00:00-07:00";0.15518793572044434
"Price";"2019-04-26T17:00:00-07:00";0.1506469698581547
"Price";"2019-04-27T17:00:00-07:00";0.14880752182091914
"Price";"2019-04-28T17:00:00-07:00";0.143112008725002
"Price";"2019-04-29T17:00:00-07:00";0.1444302292201924
"Price";"2019-04-30T17:00:00-07:00";0.14707185383037652
"Price";"2019-05-01T17:00:00-07:00";0.15228302118710202
"Price";"2019-05-02T17:00:00-07:00";0.15897770933038718
"Price";"2019-05-03T17:00:00-07:00";0.1574165235461687
"Price";"2019-05-04T17:00:00-07:00";0.15462748304868626
"Price";"2019-05-05T17:00:00-07:00";0.1553892441586811
"Price";"2019-05-06T17:00:00-07:00";0.1601366102859408
"Price";"2019-05-07T17:00:00-07:00";0.15093115150461334
"Price";"2019-05-08T17:00:00-07:00";0.14654001140837355
"Price";"2019-05-09T17:00:00-07:00";0.14828364473903474
"Price";"2019-05-10T17:00:00-07:00";0.1550825610722364
"Price";"2019-05-11T17:00:00-07:00";0.15068991547535107
"Price";"2019-05-12T17:00:00-07:00";0.13644362631020857
"Price";"2019-05-13T17:00:00-07:00";0.14735985582309885
"Price";"2019-05-14T17:00:00-07:00";0.16469566984514886
"Price";"2019-05-15T17:00:00-07:00";0.1777477797035984
"Price";"2019-05-16T17:00:00-07:00";0.15781826308320665
"Price";"2019-05-17T17:00:00-07:00";0.15292171153624654
"Price";"2019-05-18T17:00:00-07:00";0.1587280849641131
"Price";"2019-05-19T17:00:00-07:00";0.15663180642653782
"Price";"2019-05-20T17:00:00-07:00";0.16261689959106737
"Price";"2019-05-21T17:00:00-07:00";0.16376703977323515
"Price";"2019-05-22T17:00:00-07:00";0.172446467482406
"Price";"2019-05-23T17:00:00-07:00";0.19004981992562214
"Price";"2019-05-24T17:00:00-07:00";0.21089358042013368
"Price";"2019-05-25T17:00:00-07:00";0.21760449395302553
"Price";"2019-05-26T17:00:00-07:00";0.23049538423286242
"Price";"2019-05-27T17:00:00-07:00";0.2201224889680766
"Price";"2019-05-28T17:00:00-07:00";0.20470121282155176
"Price";"2019-05-29T17:00:00-07:00";0.1915478001987861
"Price";"2019-05-30T17:00:00-07:00";0.16409463030617571
"Price";"2019-05-31T17:00:00-07:00";0.191456653247304
"Price";"2019-06-01T17:00:00-07:00";0.20623343545013595
"Price";"2019-06-02T17:00:00-07:00";0.20214095046282268
"Price";"2019-06-03T17:00:00-07:00";0.17661324894881325
"Price";"2019-06-04T17:00:00-07:00";0.1787648351457699
"Price";"2019-06-05T17:00:00-07:00";0.17892871424631723
"Price";"2019-06-06T17:00:00-07:00";0.18382896543785465
"Price";"2019-06-07T17:00:00-07:00";0.18210375183128244
"Price";"2019-06-08T17:00:00-07:00";0.1639853804299177
"Price";"2019-06-09T17:00:00-07:00";0.1893467274141874
"Price";"2019-06-10T17:00:00-07:00";0.18890899620948962
"Price";"2019-06-11T17:00:00-07:00";0.20525822049084536
"Price";"2019-06-12T17:00:00-07:00";0.2234653039297326
"Price";"2019-06-13T17:00:00-07:00";0.21939034241843983
"Price";"2019-06-14T17:00:00-07:00";0.22246553074445094
"Price";"2019-06-15T17:00:00-07:00";0.2238864334537509
"Price";"2019-06-16T17:00:00-07:00";0.2295776303861647
"Price";"2019-06-17T17:00:00-07:00";0.22306315170504185
"Price";"2019-06-18T17:00:00-07:00";0.2218785107130164
"Share of Deposits in DAA";"2018-07-08T17:00:00-07:00";47.36562095444147
"Share of Deposits in DAA";"2018-07-09T17:00:00-07:00";8.04953560371517
"Share of Deposits in DAA";"2018-07-09T17:00:00-07:00";8.04953560371517
"Share of Deposits in DAA";"2018-07-10T17:00:00-07:00";13.397129186602871
"Share of Deposits in DAA";"2018-07-11T17:00:00-07:00";17.857142857142858
"Share of Deposits in DAA";"2018-07-11T17:00:00-07:00";17.857142857142858
"Share of Deposits in DAA";"2018-07-12T17:00:00-07:00";19.018404907975462
"Share of Deposits in DAA";"2018-07-13T17:00:00-07:00";13.333333333333334
"Share of Deposits in DAA";"2018-07-14T17:00:00-07:00";16.538461538461537
"Share of Deposits in DAA";"2018-07-14T17:00:00-07:00";16.538461538461537
"Share of Deposits in DAA";"2018-07-15T17:00:00-07:00";16.666666666666664
"Share of Deposits in DAA";"2018-07-16T17:00:00-07:00";16.901408450704224
"Share of Deposits in DAA";"2018-07-16T17:00:00-07:00";16.901408450704224
"Share of Deposits in DAA";"2018-07-17T17:00:00-07:00";17.12846347607053
"Share of Deposits in DAA";"2018-07-17T17:00:00-07:00";17.12846347607053
"Share of Deposits in DAA";"2018-07-18T17:00:00-07:00";13.216957605985039
"Share of Deposits in DAA";"2018-07-19T17:00:00-07:00";19.636363636363637
"Share of Deposits in DAA";"2018-07-20T17:00:00-07:00";17.938931297709924
"Share of Deposits in DAA";"2018-07-21T17:00:00-07:00";33.82157123834887
"Share of Deposits in DAA";"2018-07-21T17:00:00-07:00";33.82157123834887
"Share of Deposits in DAA";"2018-07-22T17:00:00-07:00";23.408624229979466
"Share of Deposits in DAA";"2018-07-23T17:00:00-07:00";26.120857699805068
"Share of Deposits in DAA";"2018-07-23T17:00:00-07:00";26.120857699805068
"Share of Deposits in DAA";"2018-07-24T17:00:00-07:00";16.629213483146067
"Share of Deposits in DAA";"2018-07-25T17:00:00-07:00";23.413566739606125
"Share of Deposits in DAA";"2018-07-25T17:00:00-07:00";23.413566739606125
"Share of Deposits in DAA";"2018-07-26T17:00:00-07:00";15.013404825737265
"Share of Deposits in DAA";"2018-07-27T17:00:00-07:00";20.577617328519857
"Share of Deposits in DAA";"2018-07-27T17:00:00-07:00";20.577617328519857
"Share of Deposits in DAA";"2018-07-28T17:00:00-07:00";16.095890410958905
"Share of Deposits in DAA";"2018-07-29T17:00:00-07:00";25.901639344262296
"Share of Deposits in DAA";"2018-07-30T17:00:00-07:00";23.26283987915408
"Share of Deposits in DAA";"2018-07-31T17:00:00-07:00";17.79935275080906
"Share of Deposits in DAA";"2018-08-01T17:00:00-07:00";43
"Share of Deposits in DAA";"2018-08-02T17:00:00-07:00";22.22222222222222
"Share of Deposits in DAA";"2018-08-03T17:00:00-07:00";19.205298013245034
"Share of Deposits in DAA";"2018-08-04T17:00:00-07:00";23.591549295774648
"Share of Deposits in DAA";"2018-08-05T17:00:00-07:00";19.57831325301205
"Share of Deposits in DAA";"2018-08-06T17:00:00-07:00";23.430962343096233
"Share of Deposits in DAA";"2018-08-07T17:00:00-07:00";23.91304347826087
"Share of Deposits in DAA";"2018-08-08T17:00:00-07:00";22.36842105263158
"Share of Deposits in DAA";"2018-08-09T17:00:00-07:00";26.168224299065418
"Share of Deposits in DAA";"2018-08-10T17:00:00-07:00";21.47887323943662
"Share of Deposits in DAA";"2018-08-11T17:00:00-07:00";25.333333333333336
"Share of Deposits in DAA";"2018-08-12T17:00:00-07:00";22.83464566929134
"Share of Deposits in DAA";"2018-08-13T17:00:00-07:00";25.62674094707521
"Share of Deposits in DAA";"2018-08-14T17:00:00-07:00";21.653543307086615
"Share of Deposits in DAA";"2018-08-15T17:00:00-07:00";15.503875968992247
"Share of Deposits in DAA";"2018-08-16T17:00:00-07:00";83.36686787391012
"Share of Deposits in DAA";"2018-08-17T17:00:00-07:00";16.883116883116884
"Share of Deposits in DAA";"2018-08-18T17:00:00-07:00";20.0836820083682
"Share of Deposits in DAA";"2018-08-19T17:00:00-07:00";19.53488372093023
"Share of Deposits in DAA";"2018-08-20T17:00:00-07:00";20
"Share of Deposits in DAA";"2018-08-21T17:00:00-07:00";20.093457943925234
"Share of Deposits in DAA";"2018-08-22T17:00:00-07:00";14.17624521072797
"Share of Deposits in DAA";"2018-08-23T17:00:00-07:00";17.391304347826086
"Share of Deposits in DAA";"2018-08-24T17:00:00-07:00";14.485981308411214
"Share of Deposits in DAA";"2018-08-25T17:00:00-07:00";16.071428571428573
"Share of Deposits in DAA";"2018-08-26T17:00:00-07:00";15.74074074074074
"Share of Deposits in DAA";"2018-08-27T17:00:00-07:00";17.449664429530202
"Share of Deposits in DAA";"2018-08-28T17:00:00-07:00";17.77777777777778
"Share of Deposits in DAA";"2018-08-29T17:00:00-07:00";16.08695652173913
"Share of Deposits in DAA";"2018-08-30T17:00:00-07:00";14.499999999999998
"Share of Deposits in DAA";"2018-08-31T17:00:00-07:00";13.930348258706468
"Share of Deposits in DAA";"2018-09-01T17:00:00-07:00";13.106796116504855
"Share of Deposits in DAA";"2018-09-02T17:00:00-07:00";11.538461538461538
"Share of Deposits in DAA";"2018-09-03T17:00:00-07:00";20.13422818791946
"Share of Deposits in DAA";"2018-09-04T17:00:00-07:00";23.193916349809886
"Share of Deposits in DAA";"2018-09-05T17:00:00-07:00";15.605095541401273
"Share of Deposits in DAA";"2018-09-06T17:00:00-07:00";19.92753623188406
"Share of Deposits in DAA";"2018-09-07T17:00:00-07:00";18.134715025906736
"Share of Deposits in DAA";"2018-09-08T17:00:00-07:00";23.300970873786408
"Share of Deposits in DAA";"2018-09-09T17:00:00-07:00";15.357142857142858
"Share of Deposits in DAA";"2018-09-10T17:00:00-07:00";21.31782945736434
"Share of Deposits in DAA";"2018-09-11T17:00:00-07:00";19.642857142857142
"Share of Deposits in DAA";"2018-09-12T17:00:00-07:00";12.320916905444127
"Share of Deposits in DAA";"2018-09-13T17:00:00-07:00";19.753086419753085
"Share of Deposits in DAA";"2018-09-14T17:00:00-07:00";26.446280991735538
"Share of Deposits in DAA";"2018-09-15T17:00:00-07:00";21.21212121212121
"Share of Deposits in DAA";"2018-09-16T17:00:00-07:00";23.28767123287671
"Share of Deposits in DAA";"2018-09-17T17:00:00-07:00";23.809523809523807
"Share of Deposits in DAA";"2018-09-18T17:00:00-07:00";25.581395348837212
"Share of Deposits in DAA";"2018-09-19T17:00:00-07:00";16.94214876033058
"Share of Deposits in DAA";"2018-09-20T17:00:00-07:00";18.614718614718615
"Share of Deposits in DAA";"2018-09-21T17:00:00-07:00";18.23204419889503
"Share of Deposits in DAA";"2018-09-22T17:00:00-07:00";28.426395939086298
"Share of Deposits in DAA";"2018-09-23T17:00:00-07:00";16.037735849056602
"Share of Deposits in DAA";"2018-09-24T17:00:00-07:00";19.636363636363637
"Share of Deposits in DAA";"2018-09-25T17:00:00-07:00";14.361702127659576
"Share of Deposits in DAA";"2018-09-26T17:00:00-07:00";20.22058823529412
"Share of Deposits in DAA";"2018-09-27T17:00:00-07:00";25.589225589225588
"Share of Deposits in DAA";"2018-09-28T17:00:00-07:00";21.53846153846154
"Share of Deposits in DAA";"2018-09-29T17:00:00-07:00";21.839080459770116
"Share of Deposits in DAA";"2018-09-30T17:00:00-07:00";20.60810810810811
"Share of Deposits in DAA";"2018-09-30T17:00:00-07:00";20.60810810810811
"Share of Deposits in DAA";"2018-10-01T17:00:00-07:00";10.92896174863388
"Share of Deposits in DAA";"2018-10-02T17:00:00-07:00";14.13793103448276
"Share of Deposits in DAA";"2018-10-02T17:00:00-07:00";14.13793103448276
"Share of Deposits in DAA";"2018-10-03T17:00:00-07:00";15.159574468085108
"Share of Deposits in DAA";"2018-10-03T17:00:00-07:00";15.159574468085108
"Share of Deposits in DAA";"2018-10-04T17:00:00-07:00";24.663677130044842
"Share of Deposits in DAA";"2018-10-04T17:00:00-07:00";24.663677130044842
"Share of Deposits in DAA";"2018-10-05T17:00:00-07:00";18.235294117647058
"Share of Deposits in DAA";"2018-10-06T17:00:00-07:00";14.285714285714285
"Share of Deposits in DAA";"2018-10-06T17:00:00-07:00";14.285714285714285
"Share of Deposits in DAA";"2018-10-07T17:00:00-07:00";16.733067729083665
"Share of Deposits in DAA";"2018-10-07T17:00:00-07:00";16.733067729083665
"Share of Deposits in DAA";"2018-10-08T17:00:00-07:00";21.08108108108108
"Share of Deposits in DAA";"2018-10-09T17:00:00-07:00";20.392156862745097
"Share of Deposits in DAA";"2018-10-09T17:00:00-07:00";20.392156862745097
"Share of Deposits in DAA";"2018-10-10T17:00:00-07:00";12.5
"Share of Deposits in DAA";"2018-10-11T17:00:00-07:00";20.284697508896798
"Share of Deposits in DAA";"2018-10-11T17:00:00-07:00";20.284697508896798
"Share of Deposits in DAA";"2018-10-12T17:00:00-07:00";24.137931034482758
"Share of Deposits in DAA";"2018-10-13T17:00:00-07:00";15.42056074766355
"Share of Deposits in DAA";"2018-10-14T17:00:00-07:00";19.897959183673468
"Share of Deposits in DAA";"2018-10-14T17:00:00-07:00";19.897959183673468
"Share of Deposits in DAA";"2018-10-15T17:00:00-07:00";16.908212560386474
"Share of Deposits in DAA";"2018-10-16T17:00:00-07:00";20.187793427230048
"Share of Deposits in DAA";"2018-10-17T17:00:00-07:00";20.363636363636363
"Share of Deposits in DAA";"2018-10-17T17:00:00-07:00";20.363636363636363
"Share of Deposits in DAA";"2018-10-18T17:00:00-07:00";16.228070175438596
"Share of Deposits in DAA";"2018-10-18T17:00:00-07:00";16.228070175438596
"Share of Deposits in DAA";"2018-10-19T17:00:00-07:00";16.203703703703702
"Share of Deposits in DAA";"2018-10-20T17:00:00-07:00";15.350877192982457
"Share of Deposits in DAA";"2018-10-20T17:00:00-07:00";15.350877192982457
"Share of Deposits in DAA";"2018-10-21T17:00:00-07:00";15.613382899628252
"Share of Deposits in DAA";"2018-10-21T17:00:00-07:00";15.613382899628252
"Share of Deposits in DAA";"2018-10-22T17:00:00-07:00";21.008403361344538
"Share of Deposits in DAA";"2018-10-22T17:00:00-07:00";21.008403361344538
"Share of Deposits in DAA";"2018-10-23T17:00:00-07:00";25
"Share of Deposits in DAA";"2018-10-23T17:00:00-07:00";25
"Share of Deposits in DAA";"2018-10-24T17:00:00-07:00";19.642857142857142
"Share of Deposits in DAA";"2018-10-25T17:00:00-07:00";20.54263565891473
"Share of Deposits in DAA";"2018-10-25T17:00:00-07:00";20.54263565891473
"Share of Deposits in DAA";"2018-10-26T17:00:00-07:00";24.62686567164179
"Share of Deposits in DAA";"2018-10-26T17:00:00-07:00";24.62686567164179
"Share of Deposits in DAA";"2018-10-27T17:00:00-07:00";24.363636363636363
"Share of Deposits in DAA";"2018-10-28T17:00:00-07:00";23.18339100346021
"Share of Deposits in DAA";"2018-10-29T17:00:00-07:00";21.243523316062177
"Share of Deposits in DAA";"2018-10-30T17:00:00-07:00";17.80821917808219
"Share of Deposits in DAA";"2018-10-30T17:00:00-07:00";17.80821917808219
"Share of Deposits in DAA";"2018-10-31T17:00:00-07:00";16.333333333333332
"Share of Deposits in DAA";"2018-11-01T17:00:00-07:00";18.83116883116883
"Share of Deposits in DAA";"2018-11-02T17:00:00-07:00";16.055045871559635
"Share of Deposits in DAA";"2018-11-03T17:00:00-07:00";16.25615763546798
"Share of Deposits in DAA";"2018-11-04T16:00:00-08:00";14.977973568281937
"Share of Deposits in DAA";"2018-11-05T16:00:00-08:00";19.09722222222222
"Share of Deposits in DAA";"2018-11-06T16:00:00-08:00";17.167381974248926
"Share of Deposits in DAA";"2018-11-07T16:00:00-08:00";11.594202898550725
"Share of Deposits in DAA";"2018-11-08T16:00:00-08:00";12.615384615384615
"Share of Deposits in DAA";"2018-11-09T16:00:00-08:00";11.041009463722396
"Share of Deposits in DAA";"2018-11-10T16:00:00-08:00";18.442622950819672
"Share of Deposits in DAA";"2018-11-11T16:00:00-08:00";12.552301255230125
"Share of Deposits in DAA";"2018-11-12T16:00:00-08:00";18.03921568627451
"Share of Deposits in DAA";"2018-11-13T16:00:00-08:00";19.157088122605366
"Share of Deposits in DAA";"2018-11-14T16:00:00-08:00";15.884476534296029
"Share of Deposits in DAA";"2018-11-15T16:00:00-08:00";18.326693227091635
"Share of Deposits in DAA";"2018-11-16T16:00:00-08:00";15.196078431372548
"Share of Deposits in DAA";"2018-11-17T16:00:00-08:00";13.615023474178404
"Share of Deposits in DAA";"2018-11-18T16:00:00-08:00";25
"Share of Deposits in DAA";"2018-11-19T16:00:00-08:00";22.186495176848876
"Share of Deposits in DAA";"2018-11-20T16:00:00-08:00";17.475728155339805
"Share of Deposits in DAA";"2018-11-21T16:00:00-08:00";19.52861952861953
"Share of Deposits in DAA";"2018-11-22T16:00:00-08:00";27.102803738317753
"Share of Deposits in DAA";"2018-11-23T16:00:00-08:00";22.758620689655174
"Share of Deposits in DAA";"2018-11-24T16:00:00-08:00";24.637681159420293
"Share of Deposits in DAA";"2018-11-25T16:00:00-08:00";17.1875
"Share of Deposits in DAA";"2018-11-26T16:00:00-08:00";12.637362637362637
"Share of Deposits in DAA";"2018-11-27T16:00:00-08:00";18.75
"Share of Deposits in DAA";"2018-11-28T16:00:00-08:00";16.93121693121693
"Share of Deposits in DAA";"2018-11-29T16:00:00-08:00";17.84037558685446
"Share of Deposits in DAA";"2018-11-30T16:00:00-08:00";14.285714285714285
"Share of Deposits in DAA";"2018-12-01T16:00:00-08:00";19.565217391304348
"Share of Deposits in DAA";"2018-12-02T16:00:00-08:00";14.347826086956522
"Share of Deposits in DAA";"2018-12-03T16:00:00-08:00";18.947368421052634
"Share of Deposits in DAA";"2018-12-04T16:00:00-08:00";22.268907563025213
"Share of Deposits in DAA";"2018-12-05T16:00:00-08:00";13.826366559485532
"Share of Deposits in DAA";"2018-12-06T16:00:00-08:00";19.39163498098859
"Share of Deposits in DAA";"2018-12-07T16:00:00-08:00";18.556701030927837
"Share of Deposits in DAA";"2018-12-08T16:00:00-08:00";18.68686868686869
"Share of Deposits in DAA";"2018-12-09T16:00:00-08:00";21.85792349726776
"Share of Deposits in DAA";"2018-12-10T16:00:00-08:00";16.894977168949772
"Share of Deposits in DAA";"2018-12-11T16:00:00-08:00";18.803418803418804
"Share of Deposits in DAA";"2018-12-12T16:00:00-08:00";14.122137404580155
"Share of Deposits in DAA";"2018-12-13T16:00:00-08:00";13.756613756613756
"Share of Deposits in DAA";"2018-12-14T16:00:00-08:00";18.274111675126903
"Share of Deposits in DAA";"2018-12-15T16:00:00-08:00";11.320754716981133
"Share of Deposits in DAA";"2018-12-16T16:00:00-08:00";18.565400843881857
"Share of Deposits in DAA";"2018-12-17T16:00:00-08:00";18.134715025906736
"Share of Deposits in DAA";"2018-12-18T16:00:00-08:00";23.904382470119522
"Share of Deposits in DAA";"2018-12-19T16:00:00-08:00";14.666666666666666
"Share of Deposits in DAA";"2018-12-20T16:00:00-08:00";18.75
"Share of Deposits in DAA";"2018-12-21T16:00:00-08:00";15.18987341772152
"Share of Deposits in DAA";"2018-12-22T16:00:00-08:00";25.352112676056336
"Share of Deposits in DAA";"2018-12-23T16:00:00-08:00";16.666666666666664
"Share of Deposits in DAA";"2018-12-24T16:00:00-08:00";25.11013215859031
"Share of Deposits in DAA";"2018-12-25T16:00:00-08:00";16.585365853658537
"Share of Deposits in DAA";"2018-12-26T16:00:00-08:00";14.835164835164836
"Share of Deposits in DAA";"2018-12-27T16:00:00-08:00";14.487632508833922
"Share of Deposits in DAA";"2018-12-28T16:00:00-08:00";18.779342723004692
"Share of Deposits in DAA";"2018-12-29T16:00:00-08:00";18.75
"Share of Deposits in DAA";"2018-12-30T16:00:00-08:00";18.636363636363637
"Share of Deposits in DAA";"2018-12-31T16:00:00-08:00";9.33734939759036
"Share of Deposits in DAA";"2018-12-31T16:00:00-08:00";9.33734939759036
"Share of Deposits in DAA";"2019-01-01T16:00:00-08:00";9.770114942528735
"Share of Deposits in DAA";"2019-01-02T16:00:00-08:00";12.470023980815348
"Share of Deposits in DAA";"2019-01-03T16:00:00-08:00";6.608695652173912
"Share of Deposits in DAA";"2019-01-03T16:00:00-08:00";6.608695652173912
"Share of Deposits in DAA";"2019-01-04T16:00:00-08:00";17.35159817351598
"Share of Deposits in DAA";"2019-01-04T16:00:00-08:00";17.35159817351598
"Share of Deposits in DAA";"2019-01-05T16:00:00-08:00";15.463917525773196
"Share of Deposits in DAA";"2019-01-05T16:00:00-08:00";15.463917525773196
"Share of Deposits in DAA";"2019-01-06T16:00:00-08:00";16.853932584269664
"Share of Deposits in DAA";"2019-01-07T16:00:00-08:00";20.56451612903226
"Share of Deposits in DAA";"2019-01-07T16:00:00-08:00";20.56451612903226
"Share of Deposits in DAA";"2019-01-08T16:00:00-08:00";15.254237288135593
"Share of Deposits in DAA";"2019-01-09T16:00:00-08:00";16.766467065868262
"Share of Deposits in DAA";"2019-01-10T16:00:00-08:00";16.554054054054053
"Share of Deposits in DAA";"2019-01-10T16:00:00-08:00";16.554054054054053
"Share of Deposits in DAA";"2019-01-11T16:00:00-08:00";19.35483870967742
"Share of Deposits in DAA";"2019-01-11T16:00:00-08:00";19.35483870967742
"Share of Deposits in DAA";"2019-01-12T16:00:00-08:00";16.145833333333336
"Share of Deposits in DAA";"2019-01-12T16:00:00-08:00";16.145833333333336
"Share of Deposits in DAA";"2019-01-13T16:00:00-08:00";27.042253521126757
"Share of Deposits in DAA";"2019-01-14T16:00:00-08:00";30.031948881789138
"Share of Deposits in DAA";"2019-01-15T16:00:00-08:00";23.032629558541267
"Share of Deposits in DAA";"2019-01-16T16:00:00-08:00";20.128676470588236
"Share of Deposits in DAA";"2019-01-16T16:00:00-08:00";20.128676470588236
"Share of Deposits in DAA";"2019-01-17T16:00:00-08:00";10.633116883116884
"Share of Deposits in DAA";"2019-01-17T16:00:00-08:00";10.633116883116884
"Share of Deposits in DAA";"2019-01-18T16:00:00-08:00";23.004694835680752
"Share of Deposits in DAA";"2019-01-18T16:00:00-08:00";23.004694835680752
"Share of Deposits in DAA";"2019-01-19T16:00:00-08:00";23.452768729641694
"Share of Deposits in DAA";"2019-01-19T16:00:00-08:00";23.452768729641694
"Share of Deposits in DAA";"2019-01-20T16:00:00-08:00";20.199501246882793
"Share of Deposits in DAA";"2019-01-21T16:00:00-08:00";21.44469525959368
"Share of Deposits in DAA";"2019-01-22T16:00:00-08:00";18.394648829431436
"Share of Deposits in DAA";"2019-01-23T16:00:00-08:00";17.008196721311474
"Share of Deposits in DAA";"2019-01-24T16:00:00-08:00";19.133574007220215
"Share of Deposits in DAA";"2019-01-25T16:00:00-08:00";17.52136752136752
"Share of Deposits in DAA";"2019-01-25T16:00:00-08:00";17.52136752136752
"Share of Deposits in DAA";"2019-01-26T16:00:00-08:00";15.686274509803921
"Share of Deposits in DAA";"2019-01-27T16:00:00-08:00";17.902813299232736
"Share of Deposits in DAA";"2019-01-28T16:00:00-08:00";26.366559485530544
"Share of Deposits in DAA";"2019-01-28T16:00:00-08:00";26.366559485530544
"Share of Deposits in DAA";"2019-01-29T16:00:00-08:00";18.050541516245488
"Share of Deposits in DAA";"2019-01-29T16:00:00-08:00";18.050541516245488
"Share of Deposits in DAA";"2019-01-30T16:00:00-08:00";17.525773195876287
"Share of Deposits in DAA";"2019-01-31T16:00:00-08:00";22.259136212624583
"Share of Deposits in DAA";"2019-02-01T16:00:00-08:00";18.475073313782993
"Share of Deposits in DAA";"2019-02-02T16:00:00-08:00";17.914438502673796
"Share of Deposits in DAA";"2019-02-03T16:00:00-08:00";17.905405405405407
"Share of Deposits in DAA";"2019-02-04T16:00:00-08:00";19.572953736654807
"Share of Deposits in DAA";"2019-02-05T16:00:00-08:00";19.649122807017545
"Share of Deposits in DAA";"2019-02-06T16:00:00-08:00";14.534883720930234
"Share of Deposits in DAA";"2019-02-07T16:00:00-08:00";15.743440233236154
"Share of Deposits in DAA";"2019-02-08T16:00:00-08:00";17.153284671532848
"Share of Deposits in DAA";"2019-02-09T16:00:00-08:00";20.224719101123593
"Share of Deposits in DAA";"2019-02-10T16:00:00-08:00";16.05839416058394
"Share of Deposits in DAA";"2019-02-11T16:00:00-08:00";20.059880239520957
"Share of Deposits in DAA";"2019-02-12T16:00:00-08:00";20.44609665427509
"Share of Deposits in DAA";"2019-02-13T16:00:00-08:00";11.267605633802818
"Share of Deposits in DAA";"2019-02-14T16:00:00-08:00";16.425120772946862
"Share of Deposits in DAA";"2019-02-15T16:00:00-08:00";12.446351931330472
"Share of Deposits in DAA";"2019-02-16T16:00:00-08:00";19.213973799126638
"Share of Deposits in DAA";"2019-02-17T16:00:00-08:00";22.794117647058822
"Share of Deposits in DAA";"2019-02-18T16:00:00-08:00";21.21212121212121
"Share of Deposits in DAA";"2019-02-19T16:00:00-08:00";13.043478260869565
"Share of Deposits in DAA";"2019-02-20T16:00:00-08:00";15.277777777777779
"Share of Deposits in DAA";"2019-02-21T16:00:00-08:00";20.689655172413794
"Share of Deposits in DAA";"2019-02-22T16:00:00-08:00";11.353711790393014
"Share of Deposits in DAA";"2019-02-23T16:00:00-08:00";15.897435897435896
"Share of Deposits in DAA";"2019-02-24T16:00:00-08:00";10.909090909090908
"Share of Deposits in DAA";"2019-02-25T16:00:00-08:00";16
"Share of Deposits in DAA";"2019-02-26T16:00:00-08:00";15.714285714285714
"Share of Deposits in DAA";"2019-02-27T16:00:00-08:00";11.636363636363637
"Share of Deposits in DAA";"2019-02-28T16:00:00-08:00";14.801444043321299
"Share of Deposits in DAA";"2019-03-01T16:00:00-08:00";14.285714285714285
"Share of Deposits in DAA";"2019-03-02T16:00:00-08:00";17.110266159695815
"Share of Deposits in DAA";"2019-03-03T16:00:00-08:00";21.86046511627907
"Share of Deposits in DAA";"2019-03-04T16:00:00-08:00";16.363636363636363
"Share of Deposits in DAA";"2019-03-05T16:00:00-08:00";10.504201680672269
"Share of Deposits in DAA";"2019-03-06T16:00:00-08:00";12.473118279569892
"Share of Deposits in DAA";"2019-03-07T16:00:00-08:00";17.22488038277512
"Share of Deposits in DAA";"2019-03-08T16:00:00-08:00";16.43835616438356
"Share of Deposits in DAA";"2019-03-09T16:00:00-08:00";15.853658536585366
"Share of Deposits in DAA";"2019-03-10T17:00:00-07:00";19.948849104859335
"Share of Deposits in DAA";"2019-03-11T17:00:00-07:00";19.82758620689655
"Share of Deposits in DAA";"2019-03-12T17:00:00-07:00";20
"Share of Deposits in DAA";"2019-03-13T17:00:00-07:00";13.784461152882205
"Share of Deposits in DAA";"2019-03-14T17:00:00-07:00";19.148936170212767
"Share of Deposits in DAA";"2019-03-15T17:00:00-07:00";21.96078431372549
"Share of Deposits in DAA";"2019-03-16T17:00:00-07:00";17.010309278350515
"Share of Deposits in DAA";"2019-03-17T17:00:00-07:00";19.923371647509576
"Share of Deposits in DAA";"2019-03-18T17:00:00-07:00";18.181818181818183
"Share of Deposits in DAA";"2019-03-19T17:00:00-07:00";15.566037735849056
"Share of Deposits in DAA";"2019-03-20T17:00:00-07:00";12.203389830508476
"Share of Deposits in DAA";"2019-03-21T17:00:00-07:00";21.052631578947366
"Share of Deposits in DAA";"2019-03-22T17:00:00-07:00";11.224489795918368
"Share of Deposits in DAA";"2019-03-23T17:00:00-07:00";12.994350282485875
"Share of Deposits in DAA";"2019-03-24T17:00:00-07:00";16
"Share of Deposits in DAA";"2019-03-25T17:00:00-07:00";13.488372093023257
"Share of Deposits in DAA";"2019-03-26T17:00:00-07:00";15.517241379310345
"Share of Deposits in DAA";"2019-03-27T17:00:00-07:00";19.834710743801654
"Share of Deposits in DAA";"2019-03-28T17:00:00-07:00";11.029411764705882
"Share of Deposits in DAA";"2019-03-29T17:00:00-07:00";20.441988950276244
"Share of Deposits in DAA";"2019-03-30T17:00:00-07:00";17.073170731707318
"Share of Deposits in DAA";"2019-03-31T17:00:00-07:00";15.450643776824036
"Share of Deposits in DAA";"2019-03-31T17:00:00-07:00";15.450643776824036
"Share of Deposits in DAA";"2019-04-01T17:00:00-07:00";20.812182741116754
"Share of Deposits in DAA";"2019-04-02T17:00:00-07:00";22.82608695652174
"Share of Deposits in DAA";"2019-04-03T17:00:00-07:00";14.319809069212411
"Share of Deposits in DAA";"2019-04-03T17:00:00-07:00";14.319809069212411
"Share of Deposits in DAA";"2019-04-04T17:00:00-07:00";11.868686868686869
"Share of Deposits in DAA";"2019-04-05T17:00:00-07:00";22.932330827067666
"Share of Deposits in DAA";"2019-04-05T17:00:00-07:00";22.932330827067666
"Share of Deposits in DAA";"2019-04-06T17:00:00-07:00";18.495297805642632
"Share of Deposits in DAA";"2019-04-06T17:00:00-07:00";18.495297805642632
"Share of Deposits in DAA";"2019-04-07T17:00:00-07:00";20.77562326869806
"Share of Deposits in DAA";"2019-04-07T17:00:00-07:00";20.77562326869806
"Share of Deposits in DAA";"2019-04-08T17:00:00-07:00";17.048346055979643
"Share of Deposits in DAA";"2019-04-08T17:00:00-07:00";17.048346055979643
"Share of Deposits in DAA";"2019-04-09T17:00:00-07:00";15.424164524421593
"Share of Deposits in DAA";"2019-04-09T17:00:00-07:00";15.424164524421593
"Share of Deposits in DAA";"2019-04-10T17:00:00-07:00";15.594059405940595
"Share of Deposits in DAA";"2019-04-11T17:00:00-07:00";18.556701030927837
"Share of Deposits in DAA";"2019-04-12T17:00:00-07:00";13.274336283185843
"Share of Deposits in DAA";"2019-04-12T17:00:00-07:00";13.274336283185843
"Share of Deposits in DAA";"2019-04-13T17:00:00-07:00";16.50485436893204
"Share of Deposits in DAA";"2019-04-13T17:00:00-07:00";16.50485436893204
"Share of Deposits in DAA";"2019-04-14T17:00:00-07:00";16.862745098039216
"Share of Deposits in DAA";"2019-04-15T17:00:00-07:00";15.983606557377051
"Share of Deposits in DAA";"2019-04-16T17:00:00-07:00";14.590747330960854
"Share of Deposits in DAA";"2019-04-17T17:00:00-07:00";13.787878787878787
"Share of Deposits in DAA";"2019-04-18T17:00:00-07:00";15.602836879432624
"Share of Deposits in DAA";"2019-04-19T17:00:00-07:00";13.440860215053762
"Share of Deposits in DAA";"2019-04-19T17:00:00-07:00";13.440860215053762
"Share of Deposits in DAA";"2019-04-20T17:00:00-07:00";13.166144200626958
"Share of Deposits in DAA";"2019-04-21T17:00:00-07:00";15.919282511210762
"Share of Deposits in DAA";"2019-04-21T17:00:00-07:00";15.919282511210762
"Share of Deposits in DAA";"2019-04-22T17:00:00-07:00";14.489795918367346
"Share of Deposits in DAA";"2019-04-22T17:00:00-07:00";14.489795918367346
"Share of Deposits in DAA";"2019-04-23T17:00:00-07:00";13.813813813813812
"Share of Deposits in DAA";"2019-04-24T17:00:00-07:00";16.172506738544474
"Share of Deposits in DAA";"2019-04-24T17:00:00-07:00";16.172506738544474
"Share of Deposits in DAA";"2019-04-25T17:00:00-07:00";15.691489361702127
"Share of Deposits in DAA";"2019-04-25T17:00:00-07:00";15.691489361702127
"Share of Deposits in DAA";"2019-04-26T17:00:00-07:00";14.285714285714285
"Share of Deposits in DAA";"2019-04-27T17:00:00-07:00";12.177121771217712
"Share of Deposits in DAA";"2019-04-27T17:00:00-07:00";12.177121771217712
"Share of Deposits in DAA";"2019-04-28T17:00:00-07:00";12.131147540983607
"Share of Deposits in DAA";"2019-04-29T17:00:00-07:00";17.454545454545457
"Share of Deposits in DAA";"2019-04-29T17:00:00-07:00";17.454545454545457
"Share of Deposits in DAA";"2019-04-30T17:00:00-07:00";11.869436201780417
"Share of Deposits in DAA";"2019-05-01T17:00:00-07:00";9.487179487179487
"Share of Deposits in DAA";"2019-05-02T17:00:00-07:00";17.2680412371134
"Share of Deposits in DAA";"2019-05-03T17:00:00-07:00";12.389380530973451
"Share of Deposits in DAA";"2019-05-04T17:00:00-07:00";12.121212121212121
"Share of Deposits in DAA";"2019-05-05T17:00:00-07:00";10.37344398340249
"Share of Deposits in DAA";"2019-05-06T17:00:00-07:00";13.229571984435799
"Share of Deposits in DAA";"2019-05-07T17:00:00-07:00";8.396946564885496
"Share of Deposits in DAA";"2019-05-08T17:00:00-07:00";9.269662921348315
"Share of Deposits in DAA";"2019-05-09T17:00:00-07:00";12.779552715654951
"Share of Deposits in DAA";"2019-05-10T17:00:00-07:00";10.95890410958904
"Share of Deposits in DAA";"2019-05-11T17:00:00-07:00";10.714285714285714
"Share of Deposits in DAA";"2019-05-12T17:00:00-07:00";12.844036697247708
"Share of Deposits in DAA";"2019-05-13T17:00:00-07:00";10.787172011661808
"Share of Deposits in DAA";"2019-05-14T17:00:00-07:00";19.144981412639407
"Share of Deposits in DAA";"2019-05-15T17:00:00-07:00";17.105263157894736
"Share of Deposits in DAA";"2019-05-16T17:00:00-07:00";17.233009708737864
"Share of Deposits in DAA";"2019-05-17T17:00:00-07:00";14.58966565349544
"Share of Deposits in DAA";"2019-05-18T17:00:00-07:00";16.580310880829018
"Share of Deposits in DAA";"2019-05-19T17:00:00-07:00";17.08542713567839
"Share of Deposits in DAA";"2019-05-20T17:00:00-07:00";16.182572614107883
"Share of Deposits in DAA";"2019-05-21T17:00:00-07:00";17.18377088305489
"Share of Deposits in DAA";"2019-05-22T17:00:00-07:00";14.663461538461538
"Share of Deposits in DAA";"2019-05-23T17:00:00-07:00";18.65284974093264
"Share of Deposits in DAA";"2019-05-24T17:00:00-07:00";15.126050420168067
"Share of Deposits in DAA";"2019-05-25T17:00:00-07:00";14.533622559652928
"Share of Deposits in DAA";"2019-05-26T17:00:00-07:00";14.216867469879519
"Share of Deposits in DAA";"2019-05-27T17:00:00-07:00";19.791666666666664
"Share of Deposits in DAA";"2019-05-28T17:00:00-07:00";13.793103448275861
"Share of Deposits in DAA";"2019-05-29T17:00:00-07:00";18.081180811808117
"Share of Deposits in DAA";"2019-05-30T17:00:00-07:00";14.871794871794872
"Share of Deposits in DAA";"2019-05-31T17:00:00-07:00";18.21428571428571
"Share of Deposits in DAA";"2019-06-01T17:00:00-07:00";11.3314447592068
"Share of Deposits in DAA";"2019-06-02T17:00:00-07:00";12.968299711815561
"Share of Deposits in DAA";"2019-06-03T17:00:00-07:00";17.270194986072422
"Share of Deposits in DAA";"2019-06-04T17:00:00-07:00";12.46376811594203
"Share of Deposits in DAA";"2019-06-05T17:00:00-07:00";9.482758620689655
"Share of Deposits in DAA";"2019-06-06T17:00:00-07:00";16.73469387755102
"Share of Deposits in DAA";"2019-06-07T17:00:00-07:00";16.25615763546798
"Share of Deposits in DAA";"2019-06-08T17:00:00-07:00";16.666666666666664
"Share of Deposits in DAA";"2019-06-09T17:00:00-07:00";13.06532663316583
"Share of Deposits in DAA";"2019-06-10T17:00:00-07:00";16.831683168316832
"Share of Deposits in DAA";"2019-06-11T17:00:00-07:00";15.048543689320388
"Share of Deposits in DAA";"2019-06-12T17:00:00-07:00";7.4074074074074066
"Share of Deposits in DAA";"2019-06-13T17:00:00-07:00";13.24200913242009
"Share of Deposits in DAA";"2019-06-14T17:00:00-07:00";11.11111111111111
"Share of Deposits in DAA";"2019-06-15T17:00:00-07:00";14.042553191489363
"Share of Deposits in DAA";"2019-06-16T17:00:00-07:00";15.086206896551724
"Share of Deposits in DAA";"2019-06-17T17:00:00-07:00";15.040650406504067
"Share of Deposits in DAA";"2019-06-18T17:00:00-07:00";15.036094757499301