Account,Winnings (ETH),Amount Wagered,ROI,Trades
0x482df8...,1687.88,2119.53,79.60%,107
0xb65bb5...,530.07,1892.86,28%,89
0x5f4160...,296.21,1161.84,25.50%,19
0xd1ce6d...,218.74,415.73,52.60%,201
0x76af50...,194.57,377.71,51.50%,86
0x9ab8bc...,194.01,971.92,20%,28
0x309b38...,179.99,231.01,77.90%,15
0xc64e96...,168.76,11529.93,1.50%,1295
0x797f63...,165.28,1154.12,14.30%,106
0xcd035f...,122.94,87.82,140%,9
0x13e21e...,115.84,470.16,24.60%,27
0x28e379...,105.71,149.08,70.90%,53
0xc5c99d...,101.53,46.95,216.20%,15
0xf73345...,97.75,171.14,57.10%,30
0x237419...,87.69,350.32,25%,20
0x9e2ba3...,84.69,206.99,40.90%,42
0x0ff2af...,70.11,232.09,30.20%,156
0x2a544e...,68.05,477.22,14.30%,826
0x0977da...,63.97,5288.19,1.20%,60
0xb1a587...,62.56,379.88,16.50%,237
0x06ec2f...,60.89,21.7,280.70%,4
0x9ce8f8...,43.56,170.83,25.50%,148
0xcacba6...,42.55,649.97,6.50%,156
0xa43e1f...,41.78,108.62,38.50%,13
0x408bcc...,39.37,967.39,4.10%,211
0x2404a3...,36.78,1764.53,2.10%,248
0xecabc6...,34.8,198.18,17.60%,8
0x12475b...,33.34,100,33.30%,1
0x4a8b49...,32.37,101.36,31.90%,18
0xa0085f...,32.31,38.7,83.50%,4
0xb0011a...,30.7,39,78.70%,6
0x0e1e3d...,28.3,229.29,12.30%,72
0xc6f776...,25.42,142.2,17.90%,128
0xbf473d...,24.56,19.66,124.90%,30
0x713558...,23.57,35.01,67.30%,41
0x34ff58...,23.38,414.67,5.60%,24
0x6d9d70...,22.1,121.74,18.20%,87
0x828c6d...,20.32,198.87,10.20%,83
0xb7398d...,16.5,9.44,174.70%,28
0x260f18...,16.02,92.98,17.20%,10
0x88c1db...,15.46,19.24,80.30%,9
0x19abba...,15.24,67.86,22.40%,15
0xda46d2...,15.16,68.9,22%,14
0xc897a7...,13.79,6.21,221.90%,2
0x122a77...,13.29,21.21,62.70%,5
0xa7f3df...,13.27,293.63,4.50%,194
0x1a7416...,12.4,12.4,100%,2
0x65c80c...,12,85.19,14.10%,55
0xeeab37...,11.94,236.72,5%,68
0x62fe1e...,11.23,134.07,8.40%,20
0x008c84...,10.67,1497.91,0.70%,179
0xbde4cd...,10.48,30.82,34%,36
0x31a727...,10.06,6.03,166.80%,12
0xbf7cd2...,10,10,100%,1
0xede74a...,10,10,100%,1
0x0a0a29...,9.66,27.69,34.90%,12
0x284e60...,9.31,2.1,443.50%,6
0xa2b08a...,8.99,18.97,47.40%,7
0xd24e0a...,8.86,26.56,33.30%,29
0x5ea770...,8.7,180.71,4.80%,55
0xfc987b...,8.32,32.63,25.50%,67
0x54d7a0...,8.19,158.72,5.20%,142
0x5f4b7d...,8.07,24.43,33%,9
0xf60df5...,7.87,27.71,28.40%,14
0x363e86...,7.77,58.8,13.20%,49
0xb9a8de...,7.65,4.63,165.30%,5
0xfe1259...,7.2,35.8,20.10%,14
0x642fd5...,6.98,7.73,90.40%,2
0x1cd2eb...,6.58,57.45,11.50%,34
0xeee61d...,6.47,10.33,62.60%,2
0xbdd10d...,6.46,9.31,69.40%,10
0x819dbf...,6.27,212.23,3%,128
0xe63c23...,5.95,12.25,48.50%,5
0x983f14...,5.72,26.05,22%,8
0x196a5b...,5.69,314.17,1.80%,234
0x5051be...,5.58,54.97,10.10%,47
0x462435...,5.52,11.15,49.50%,2
0x3fc53f...,5.49,2.97,184.60%,9
0xce98b7...,5.46,40.3,13.50%,12
0x6a53cb...,5.43,28.09,19.30%,9
0x51e23a...,5.43,57.9,9.40%,9
0x34e717...,5.3,19.7,26.90%,2
0x6a4bb8...,5.29,14.63,36.20%,20
0xdf8d7f...,5.24,118.69,4.40%,102
0x3b93b3...,5.18,20.98,24.70%,47
0x70c6f7...,5.14,39.93,12.90%,19
0x5c0ac2...,4.85,15.15,32%,2
0xe7c5a5...,4.62,4.87,95%,3
0xc10fcd...,4.57,132.53,3.40%,26
0x1c7f45...,4.55,5.45,83.50%,1
0x7a442e...,4.33,12.65,34.20%,15
0xea310c...,4.33,10.01,43.20%,2
0x85d217...,4.21,22.48,18.70%,18
0xc2408c...,4.12,1.45,283.60%,4
0x2e1010...,4.09,4.93,83%,7
0x028b7c...,4.06,8.74,46.50%,3
0x485167...,4.05,9.07,44.70%,13
0xefaef3...,4.05,1.11,364.40%,3
0xd3e056...,4.01,95.94,4.20%,5
0xf20f15...,3.97,55.66,7.10%,9
0x6be9fa...,3.95,72.27,5.50%,198
0xe54114...,3.9,8.3,47%,20
0x05f138...,3.76,5.39,69.60%,4
0x79eb84...,3.75,10.15,36.90%,7
0xb2a71d...,3.67,18.23,20.10%,8
0x2e0e74...,3.66,21.23,17.20%,49
0xa30a31...,3.63,4.37,83.20%,1
0x58a800...,3.5,7.1,49.30%,4
0xde63e7...,3.47,3.76,92.30%,1
0xb99060...,3.4,6.6,51.50%,2
0x2cb9b3...,3.4,1.95,174.40%,11
0x06fe45...,3.24,23.16,14%,6
0x5a36c5...,3.16,8.52,37%,4
0x549c04...,3.15,3.85,81.80%,1
0xf44b52...,3.12,10,31.20%,2
0x78d8e8...,2.96,24.05,12.30%,6
0x14ffae...,2.8,16.66,16.80%,47
0x7c154d...,2.8,50.49,5.60%,21
0x798c6c...,2.72,2.4,113.60%,19
0xfcf528...,2.52,495.68,0.50%,4
0x493b5c...,2.49,38.51,6.50%,16
0x1e047b...,2.4,35.91,6.70%,15
0xfb13db...,2.39,5.2,46%,7
0x0206e1...,2.2,8.8,25.10%,13
0x450fc9...,2.19,4.01,54.40%,2
0x8b8002...,2.19,2.28,95.70%,14
0xa6f013...,2.17,8.83,24.60%,12
0x1ce1c8...,2.1,31.77,6.60%,8
0x4f91c8...,2.06,13.14,15.70%,22
0xeb97d3...,2.01,394.99,0.50%,5
0xcfc16a...,1.95,40.45,4.80%,69
0x077450...,1.92,3.38,56.80%,7
0x77bc78...,1.9,2.45,77.90%,19
0x16b4dc...,1.88,4.02,46.70%,2
0xb64953...,1.87,9.44,19.80%,3
0xde7f3d...,1.86,5.34,34.80%,7
0xb2df2d...,1.86,14.14,13.20%,8
0x5042ed...,1.76,2.24,78.70%,3
0x84d969...,1.75,0.75,233.30%,1
0xef42cf...,1.75,0,499900%,1
0xedcf6e...,1.73,4.57,37.90%,20
0x99d1f5...,1.73,9.92,17.40%,22
0xfbd94e...,1.66,2,83.20%,1
0xa42015...,1.6,2.4,66.70%,1
0xb0e15d...,1.58,8.92,17.70%,12
0x82a843...,1.55,0.4,384.50%,5
0x4f5273...,1.54,6.39,24.20%,12
0xe9daeb...,1.52,2.49,61.10%,2
0x018f02...,1.5,26.5,5.70%,28
0x31a48f...,1.46,0.56,262.90%,4
0xd665f3...,1.4,0.1,1400%,4
0xfdae0a...,1.37,4.63,29.50%,8
0x05ef80...,1.36,79.2,1.70%,60
0x9f1e52...,1.35,0.15,900%,2
0x86f814...,1.34,1.61,83.50%,1
0x77bed8...,1.33,18.67,7.10%,9
0x364fcd...,1.33,30.67,4.30%,9
0xc5bc35...,1.32,1.03,127.20%,5
0x566e76...,1.32,0.88,150%,1
0xd6756d...,1.28,0.82,156.40%,13
0x8ad68e...,1.25,5.6,22.20%,3
0x16ad3f...,1.25,1.19,104.40%,5
0x4c1b9e...,1.18,0.3,400%,1
0x63318e...,1.16,3.36,34.50%,7
0xd68a8e...,1.15,4.35,26.30%,6
0xbadcf5...,1.14,0.46,247.80%,2
0xd2bc4e...,1.13,1.97,57.30%,2
0x4f2fc9...,1.12,0,49900%,2
0x45f1e5...,1.09,4.34,25%,3
0xff5363...,1.07,3.42,31.40%,7
0xc58a5a...,1.06,7.54,14%,16
0x35b747...,1.05,7.39,14.20%,11
0x7f8676...,1.04,1.2,86.70%,4
0xef422d...,1.02,0.5,203%,1
0x3d95c4...,1.01,2.49,40.80%,10
0xaa6a4d...,1,1,100%,1
0x2770eb...,0.99,0.03,3939%,5
0x063a94...,0.98,0.96,101.70%,8
0x703993...,0.96,0.24,403.50%,3
0x74d2e9...,0.94,5.19,18.10%,9
0xbc99bf...,0.92,7.18,12.80%,6
0x3918b8...,0.92,2.88,32.10%,15
0x80e774...,0.9,0.1,900%,1
0x454adf...,0.89,1.56,57%,16
0x99914d...,0.89,15.76,5.70%,36
0x35e537...,0.88,7.55,11.70%,7
0x759596...,0.88,3.82,23%,16
0x81ce9c...,0.88,8.86,10%,66
0x35e352...,0.85,0.15,566.70%,1
0x363d32...,0.85,4.95,17.30%,2
0x354169...,0.85,1.16,72.90%,2
0x9634b3...,0.85,1.15,73.90%,2
0xd861e6...,0.84,62.78,1.30%,117
0x5a6063...,0.83,2.17,38.20%,5
0xab13d1...,0.83,5.39,15.40%,11
0x08a203...,0.82,0.98,82.70%,3
0xa62f84...,0.82,2.66,30.90%,3
0x758c32...,0.81,21.09,3.90%,15
0xd8fba5...,0.8,0.2,400%,4
0x00c832...,0.8,1,80.20%,1
0xac75b7...,0.8,16.45,4.90%,41
0x7fbd88...,0.78,2.76,28.30%,5
0xd3a6fd...,0.77,1.46,52.60%,14
0xee7b08...,0.77,9.31,8.30%,17
0xd98e44...,0.75,5.46,13.80%,10
0xa935e9...,0.74,0.9,81.80%,1
0x3b0416...,0.74,1.02,72.40%,1
0xb7747c...,0.73,1.38,52.90%,4
0x9a7a7d...,0.71,0.49,145.40%,5
0xc03e6f...,0.71,0.01,5327.60%,1
0x08a1eb...,0.71,0.43,167.60%,2
0x217ba1...,0.7,0.8,87.50%,2
0x631be4...,0.69,0.32,217.50%,1
0x3f3f76...,0.67,6.05,11.10%,1
0x043511...,0.67,0.83,81.40%,6
0xe5e5ef...,0.67,0.58,116%,4
0x337c3f...,0.66,0.34,194.10%,2
0xc74ba0...,0.66,3.6,18.50%,11
0x0b376a...,0.66,0.97,68.80%,6
0x8ead24...,0.66,0.42,158.40%,5
0x70313c...,0.65,1.15,57%,6
0x83825a...,0.65,6.24,10.40%,6
0x210a22...,0.64,0.68,93.80%,2
0xe6056f...,0.64,0.79,80.90%,3
0xa7c855...,0.64,1.36,47.10%,1
0x52b33a...,0.63,1.75,36.10%,1
0x4d5793...,0.6,8.7,6.90%,6
0x3c92e1...,0.59,0.99,59%,1
0x271887...,0.59,1.45,40.80%,2
0x08e0c6...,0.58,5.52,10.50%,4
0x8d333b...,0.57,0.37,152.80%,3
0x691602...,0.57,6.46,8.90%,12
0xf8b316...,0.56,0.84,66%,4
0x314bfd...,0.55,7.3,7.50%,9
0xefed04...,0.55,4.95,11.10%,1
0x448a38...,0.55,11.52,4.80%,11
0x5c035b...,0.55,2.45,22.40%,3
0xeba6a1...,0.55,17.47,3.20%,7
0x0ec8f9...,0.52,1,52%,3
0x84f0bf...,0.52,0.71,73.60%,5
0xcab2f5...,0.52,1.48,35.10%,4
0x9e7599...,0.51,1.35,38.10%,7
0x700d0f...,0.51,2.66,19%,28
0x671685...,0.5,3.05,16.40%,28
0xe46558...,0.5,9.5,5.30%,1
0xa0af40...,0.5,0.5,100%,1
0x6c5d5a...,0.48,0.35,136%,7
0xce13c1...,0.48,1.02,47%,2
0x097710...,0.47,0.12,400%,4
0x5ac163...,0.46,13.86,3.40%,23
0xcf0c8e...,0.46,19.54,2.30%,3
0xbfdc90...,0.46,0.64,71.60%,2
0x5eb2ad...,0.46,0.41,112.50%,4
0xaf9e08...,0.46,0.1,459.10%,2
0x007efd...,0.46,1.95,23.60%,6
0x4fbc8f...,0.46,0.55,83.50%,1
0x1f670d...,0.45,2.35,19%,2
0xbc77fc...,0.44,0.07,669.20%,1
0x8cac16...,0.42,0.58,72.40%,1
0xd15bb4...,0.42,1.74,24.40%,6
0x2cffaf...,0.42,3.05,13.90%,11
0x5ce724...,0.41,0.48,85%,8
0xb8a501...,0.41,3.82,10.60%,19
0x11ac6d...,0.41,0.9,45.30%,4
0xda3372...,0.4,0.1,400%,1
0x230fa8...,0.4,0.1,400%,1
0x3fa6a0...,0.4,0.49,83.30%,1
0x729f98...,0.4,0.1,400%,1
0x05bb16...,0.4,0.9,45.20%,4
0xc3841a...,0.4,0.6,66.70%,2
0x8e362c...,0.39,0.65,59.40%,3
0x35e2e4...,0.39,9.56,4%,15
0x03fe94...,0.38,0.42,92.30%,1
0x1eb324...,0.38,0.47,81.80%,1
0x6a60e7...,0.38,0.56,67.70%,2
0xd34db2...,0.38,0.93,41.10%,3
0x3e7725...,0.38,0.12,316.70%,1
0x69ed89...,0.37,1,37.40%,3
0x0b2b35...,0.36,1.25,28.90%,2
0xd4c11f...,0.35,2.18,15.80%,14
0x4c7551...,0.34,0.41,83.50%,1
0xe3233d...,0.33,1.33,24.70%,5
0x5b0a9a...,0.32,0.39,83.50%,1
0x998218...,0.32,0.1,319.60%,2
0xb45de5...,0.32,1.08,29.40%,2
0x662416...,0.32,15.68,2%,4
0xf23e30...,0.31,1.02,30.70%,3
0x6bf1bc...,0.3,4.7,6.40%,1
0xadca0b...,0.3,0.01,4066.70%,1
0x47f0af...,0.3,1.2,25%,3
0x17e31b...,0.29,10.28,2.80%,7
0xfe4f3b...,0.29,0.71,40.80%,9
0xff81fb...,0.28,0.66,43%,8
0x603ebd...,0.28,1.22,22.80%,2
0x023593...,0.28,14.47,1.90%,19
0x95e7cf...,0.27,3.51,7.60%,10
0x288ba6...,0.27,5.25,5.10%,8
0x0cdb60...,0.27,0.32,81.70%,10
0xd1fb8f...,0.27,0.33,81.80%,2
0x57e75c...,0.26,0.24,104.50%,2
0x7d6105...,0.26,0.34,78.80%,2
0xd6d487...,0.26,0.52,51.30%,10
0x4153bf...,0.25,0.25,100%,1
0xa46f90...,0.25,1.75,14.30%,3
0x2b3af0...,0.25,0.13,194.10%,1
0x36ddaf...,0.25,1.42,17.60%,3
0xb69549...,0.25,0.75,34%,6
0x6b5d50...,0.25,5.85,4.30%,18
0x351ff8...,0.25,0.07,334.80%,1
0xedf4a9...,0.25,0.25,101.20%,3
0x4c7f12...,0.25,0.49,50.90%,12
0x4ccef2...,0.24,0.77,30.70%,1
0x6e8fb7...,0.24,0.66,36.10%,2
0x21fbc6...,0.24,0.27,88.70%,1
0x3b1364...,0.24,1.78,13.30%,115
0x8fd8ee...,0.24,0.29,81.80%,1
0x04b863...,0.23,0.08,275.80%,6
0xd0251b...,0.23,0.27,86.90%,1
0x14e2f1...,0.23,0.28,81.80%,1
0x391d63...,0.23,0.28,81.80%,2
0xdc40cb...,0.23,0.27,83.80%,1
0xeaa829...,0.22,0.78,28.20%,1
0x0c49c5...,0.22,0.41,54.50%,3
0xfa09bd...,0.22,1.28,17.10%,4
0x979758...,0.22,0.28,79.90%,2
0xca7a92...,0.22,0.33,66.70%,1
0x47b184...,0.21,0.43,49%,4
0x28d59e...,0.21,0.39,53.80%,1
0x754eb9...,0.21,1.2,17.10%,4
0x1cc319...,0.2,0.3,66.70%,1
0x29e0a3...,0.2,0.31,63.90%,1
0x70ddd3...,0.2,3.56,5.50%,3
0x268ae3...,0.2,0.3,66.70%,1
0xb30df4...,0.2,0.4,50%,5
0x8332f4...,0.2,1.85,10.80%,2
0x16fcfe...,0.2,0.74,26.90%,1
0x307899...,0.19,0.13,145.30%,5
0x3b03d9...,0.19,0.31,60.50%,2
0xe603c1...,0.19,0.61,31.70%,2
0xe365fb...,0.19,0.72,25.60%,6
0x3ca832...,0.18,4.39,4.10%,16
0xd9547a...,0.18,0.53,33.30%,2
0xcd22a3...,0.18,0.33,53.80%,1
0xb6c91b...,0.18,0.22,78.60%,2
0x6ab615...,0.18,0.19,92.30%,1
0x475f2d...,0.17,2.85,6.10%,4
0x579cb6...,0.17,0.93,18.70%,7
0x80099a...,0.17,0.25,66.70%,1
0x204ee2...,0.17,0.76,22.40%,33
0x2ad19d...,0.17,0.33,52.70%,1
0x534726...,0.17,0.03,589.70%,2
0xd93857...,0.16,0.25,66.70%,3
0x8c5fd0...,0.16,2.21,7.30%,4
0x9723fd...,0.16,0.44,35.10%,2
0x9e72f3...,0.16,1.85,8.40%,2
0x1ca9ff...,0.15,0.2,75%,2
0x64063f...,0.15,0.25,61.30%,1
0x97c00b...,0.15,3.3,4.50%,2
0x11573c...,0.15,8.73,1.80%,33
0x711c87...,0.15,0.75,20.30%,5
0x8b08bb...,0.15,0.05,300%,2
0xb8e3a0...,0.15,0.44,33.30%,1
0x27ef25...,0.15,0.7,20.90%,7
0x4af013...,0.15,0.04,423.10%,4
0x6630a2...,0.14,0.17,81.80%,4
0xfb4cff...,0.14,1.76,8.30%,6
0xd84728...,0.14,0.37,37%,1
0x6c92f1...,0.14,0.77,18.70%,8
0x4dafe7...,0.14,0.09,150%,1
0xc8a92b...,0.14,0.86,16.30%,2
0x1b6ba2...,0.14,0.37,37%,2
0x4e28da...,0.14,0.16,83.80%,1
0x47f7a0...,0.14,0.66,21.20%,3
0x869ec0...,0.13,0.17,77%,2
0x43d7fa...,0.13,0.01,900%,1
0xe1face...,0.13,6.93,1.80%,12
0xd1d2bd...,0.13,1.77,7.40%,5
0x486bb5...,0.13,0.13,100%,1
0xc7df19...,0.13,0.38,33.30%,1
0xe5808e...,0.13,1.07,12.40%,1
0x3416f8...,0.13,0.17,75.40%,1
0xcac736...,0.13,0.67,19.60%,2
0x83b7f6...,0.13,0.42,32.20%,3
0xdaba53...,0.13,0.21,61.40%,4
0xd4be35...,0.13,3.88,3.20%,6
0xb1f32d...,0.13,0.4,33.90%,8
0xf10f8a...,0.13,0.37,35.30%,6
0x13eadd...,0.13,0.22,56.30%,1
0x39ead0...,0.12,0.25,49%,3
0x57364d...,0.12,0.88,13.60%,1
0xf099af...,0.12,0.18,67.40%,9
0x99390b...,0.12,1.88,6.40%,1
0x197a78...,0.12,0.53,22.80%,3
0x9f7dd5...,0.12,0.09,136.10%,2
0x967522...,0.12,1.88,6.40%,1
0x0cd462...,0.12,0.78,15.40%,4
0x65fcb5...,0.11,1,11.10%,1
0x5fba0c...,0.11,0.14,83.50%,1
0x3a1948...,0.11,0.04,264.10%,3
0xdc626e...,0.11,7.89,1.40%,8
0x57bc04...,0.11,0.39,27.20%,3
0xcda7f6...,0.11,0.14,81.80%,1
0xefaa3a...,0.11,69.99,0.20%,4
0xed9259...,0.11,1.68,6.40%,7
0xaa87ea...,0.11,0.89,12.40%,1
0xb4ef67...,0.11,0.19,57.50%,5
0xf1873a...,0.1,0.9,11.20%,3
0x2b555c...,0.1,16.92,0.60%,15
0x51fe13...,0.1,0.1,100%,1
0xfbbfbf...,0.1,0.12,80.30%,3
0x0276de...,0.1,0.4,25.20%,1
0x53d65e...,0.1,0.25,41.80%,2
0x9fa787...,0.1,0.11,90.50%,2
0x87eda2...,0.1,0.1,100%,3
0x47b5ed...,0.1,0.1,100%,1
0x2952fc...,0.1,0.45,21.50%,3
0xe99b11...,0.1,0.1,100%,1
0x22be56...,0.09,0.13,70.10%,5
0x4b1eae...,0.09,0.91,9.90%,3
0x8b46ac...,0.09,0.16,52.70%,2
0xdc00c6...,0.09,2.99,3.10%,7
0x69a594...,0.09,0.41,21.10%,5
0x1db252...,0.09,0.11,81.80%,1
0x27f1e7...,0.09,0.18,46.30%,7
0x9cb9cc...,0.09,0.29,30.60%,6
0xf67120...,0.09,0.09,100%,1
0xf3388d...,0.09,0.21,42.90%,1
0xd12144...,0.09,0.11,83.50%,1
0x2d4a05...,0.09,0.26,35.10%,6
0x861c33...,0.09,0.11,83.20%,2
0x9162a8...,0.09,316.75,0%,124
0xcc1004...,0.09,0.91,9.90%,2
0x051437...,0.09,0.41,21.20%,3
0x3c9923...,0.09,28.96,0.30%,2
0x3e5d54...,0.09,1.42,6.50%,4
0xbf1d40...,0.09,0.06,140.90%,2
0x5725e5...,0.08,24.22,0.40%,108
0xae5a55...,0.08,1.07,7.50%,5
0xb3e62c...,0.08,0.08,100%,1
0x147824...,0.08,0.02,400%,1
0x0cb143...,0.08,1.13,6.70%,2
0x241bfb...,0.08,0.37,22.40%,6
0x87dff9...,0.08,0.18,42.90%,2
0x0045e3...,0.08,0.26,31.50%,4
0x30f1fa...,0.08,0.17,44.60%,2
0x033818...,0.08,2.17,3.70%,3
0xf6866b...,0.08,0.12,65.40%,2
0xec8332...,0.07,0.43,16.30%,2
0xb66503...,0.07,0.23,30.80%,12
0x775323...,0.07,0.04,185.70%,1
0x121667...,0.07,2.22,3.20%,10
0xececaf...,0.07,0.13,48.40%,3
0x341136...,0.07,0.18,40.80%,2
0x77db4e...,0.07,0.13,52.90%,3
0xc37027...,0.07,0.04,185.70%,3
0x6ac756...,0.07,0.93,7.60%,2
0x1e7da3...,0.07,0.93,7.20%,2
0x2de67d...,0.07,0.73,9.10%,3
0xa1e58b...,0.07,0.04,185.70%,1
0xe87e1d...,0.07,0.11,66.90%,1
0xe18c44...,0.07,0.08,83.20%,1
0x0027f6...,0.06,0.05,126.80%,4
0x22904c...,0.06,0.04,150%,1
0x4a2fcc...,0.06,0.06,100%,1
0x56f2ae...,0.06,0.46,12.70%,3
0xb218e8...,0.06,0.14,42.90%,2
0x20cd15...,0.06,0.01,500%,2
0x7f5ee9...,0.06,0.11,56.30%,1
0xe35ef9...,0.06,0.14,42.80%,3
0x3bf479...,0.06,0.04,138.10%,1
0xa808ba...,0.06,0.94,6.40%,1
0xc466c0...,0.06,0.44,14.30%,1
0xc57162...,0.06,0.04,150%,1
0x23a49a...,0.06,10.18,0.60%,5
0x316d9a...,0.06,0.35,17.10%,5
0xd2f35f...,0.06,0.35,17.10%,6
0xce492c...,0.06,0.04,177.80%,1
0xe85e10...,0.06,0.14,42.90%,1
0x2badcd...,0.06,0.05,122.20%,1
0x521bcf...,0.05,0.15,36.10%,4
0xa559df...,0.05,0.02,300%,1
0xfe8dd8...,0.05,0.01,900%,1
0x37c650...,0.05,1.51,3.40%,8
0x2106d5...,0.05,0.81,5.60%,5
0x76a6d2...,0.05,0.95,4.80%,3
0xf10efd...,0.05,2.05,2.40%,5
0xd5b738...,0.05,0.04,156.40%,1
0x13c149...,0.05,0.31,14.80%,4
0x25420e...,0.05,0.02,212.50%,1
0xd33d58...,0.05,0.05,100%,1
0x6c5c9d...,0.05,0,3233.30%,1
0x51c416...,0.05,0.05,96.10%,1
0x06171f...,0.05,1.57,3.20%,1
0x90288a...,0.05,0.05,83.50%,1
0x637257...,0.05,0.1,45.70%,2
0xc1b184...,0.05,0.06,81.80%,5
0x789bb4...,0.05,1.95,2.60%,1
0x2ac05d...,0.05,0.15,33.30%,1
0x789c45...,0.04,0.23,18.30%,4
0x70c556...,0.04,0.07,53.80%,1
0x4cf712...,0.04,0.02,209.90%,4
0x799389...,0.04,0.08,53.80%,1
0x770c13...,0.04,0.13,33.60%,2
0x52304f...,0.04,0.03,112.80%,1
0x362b6c...,0.04,0.06,77%,2
0x7186ce...,0.04,0.96,4.30%,4
0x075c2e...,0.04,0.02,201.30%,2
0x1dc0fe...,0.04,0.06,68.80%,1
0x5e68cc...,0.04,0.08,46.50%,3
0x561a81...,0.04,0.11,40.80%,6
0xbb0f03...,0.04,0.22,16.60%,2
0x419ba2...,0.04,8.36,0.40%,12
0x215bfb...,0.04,0.05,77%,2
0xbc5eea...,0.04,0.22,19.80%,2
0x497e06...,0.04,0.05,78.60%,3
0x27cba1...,0.04,0.05,69.50%,1
0x6b923d...,0.04,0.07,53.80%,1
0x194cf5...,0.04,0.11,33.30%,1
0x67a2a3...,0.04,0.47,7.50%,1
0x2f7030...,0.04,2.46,1.50%,2
0x282173...,0.04,0.17,21.20%,2
0x633cb2...,0.04,0.31,13.20%,5
0x77bd77...,0.04,0.45,7.90%,5
0xe07e7a...,0.04,0.72,6%,2
0x6f8bc2...,0.04,0.16,25%,2
0x71d284...,0.04,0.07,53.80%,1
0x5216bb...,0.04,0.01,400%,1
0x297289...,0.04,0.97,3.60%,1
0xcb59db...,0.04,0.11,31.60%,2
0x284533...,0.03,0.1,25%,1
0x2ea007...,0.03,0.55,5.80%,1
0x2fcda7...,0.03,0.1,25%,1
0x27ee02...,0.03,0.21,12%,2
0x1609c0...,0.03,0.01,185.70%,2
0x85887b...,0.03,0.29,11.10%,5
0x146604...,0.03,0.1,25%,1
0xcc2782...,0.03,0.07,44.90%,1
0x8c057d...,0.03,0.05,58.70%,1
0xd41522...,0.03,0.62,5.60%,16
0xd471cc...,0.03,0.07,37.90%,2
0xa4ff74...,0.03,0.01,244.80%,1
0x1114fa...,0.03,1.07,2.40%,3
0x354fc7...,0.03,0.07,42.90%,2
0x23ab27...,0.03,0.08,33.30%,1
0x5c92a2...,0.03,0.08,33.30%,1
0x16884a...,0.03,0.08,33.30%,2
0xf543f0...,0.03,0.07,42.90%,1
0x0a1363...,0.03,0.02,150%,1
0x3f1724...,0.03,0.08,33.30%,1
0xbdcd39...,0.03,1.17,2.40%,3
0xe2d517...,0.03,0.04,72.40%,1
0x884f00...,0.03,0.08,33.30%,1
0x59146a...,0.03,0.07,42.90%,1
0x9d3b97...,0.03,0.13,20%,4
0xb9edc3...,0.03,0.07,37%,1
0x7f01d9...,0.03,0.07,42.90%,2
0x6d45b3...,0.03,0.1,35.10%,1
0xb3d77e...,0.03,0.12,25%,1
0x556568...,0.03,0.8,4.20%,2
0x00e2eb...,0.03,0.13,21.80%,4
0x6fea76...,0.03,0.02,203%,1
0xd7a088...,0.03,0.07,42.90%,1
0x90cbbb...,0.02,0.13,14.10%,4
0xbbcb14...,0.02,0.18,9.90%,7
0x02e312...,0.02,0.03,58.70%,1
0x631824...,0.02,3.48,0.60%,13
0xb5d100...,0.02,0.4,5.50%,4
0x1782fd...,0.02,0.16,11.80%,2
0x56d037...,0.02,0.04,47.10%,1
0x0ca3bd...,0.02,0.09,23.40%,2
0xf6eb13...,0.02,0.09,21.70%,3
0x83be1e...,0.02,0.03,72.40%,1
0xa369f4...,0.02,0.03,78.60%,1
0x22dcf3...,0.02,0.03,64.10%,2
0xf1c383...,0.02,0.03,56.30%,1
0xd7f190...,0.02,0.2,12.50%,5
0x8fc862...,0.02,0.04,53.80%,1
0x3d7165...,0.02,0.08,32.20%,2
0x8956b7...,0.02,1.31,1.70%,6
0x04676a...,0.02,0.09,19.50%,2
0x16a33e...,0.02,0.02,100%,1
0xd8e370...,0.02,0.09,25%,1
0x497e90...,0.02,0.03,88.70%,1
0x880772...,0.02,0.09,17.40%,2
0x5ac7b1...,0.02,0.06,31.20%,2
0x8ec860...,0.02,0.98,2%,2
0xaa4888...,0.02,0.03,61.30%,2
0xfaaffa...,0.02,0.03,66.70%,5
0xaae967...,0.02,0.08,28.90%,1
0x71180c...,0.02,0.49,3.10%,2
0xdbc0a6...,0.02,0.03,78.60%,1
0xdc603f...,0.02,0.66,3.10%,3
0x86a32e...,0.02,0.04,42.90%,2
0xd2c39c...,0.02,0.49,3.10%,1
0xe97fee...,0.02,1.78,1.30%,6
0x6f2c94...,0.02,5.58,0.40%,12
0x413744...,0.02,0.03,83.50%,1
0x27b613...,0.02,0.21,9.10%,4
0xf48e25...,0.02,0.03,50%,1
0x11d887...,0.01,0.01,66.70%,2
0xe082b5...,0.01,0.09,11.10%,1
0x707cb1...,0.01,0.02,81.80%,1
0xdcf753...,0.01,9.32,0.10%,10
0xe22fd0...,0.01,0.04,25%,1
0xe29a52...,0.01,0.01,120%,1
0xda9162...,0.01,0.09,14.30%,2
0xd88361...,0.01,0,270.50%,1
0xd8565b...,0.01,0.03,33.30%,1
0x715615...,0.01,1.99,0.50%,2
0x8a406f...,0.01,0.01,96.80%,3
0x8b5789...,0.01,0.05,11.10%,1
0x2500a4...,0.01,0.04,33.30%,1
0xa4a0ec...,0.01,0.04,25%,1
0x283eec...,0.01,0.02,53.80%,1
0x721ea3...,0.01,0.49,2.80%,2
0xd23538...,0.01,0.01,100%,1
0x8f5704...,0.01,0.02,25.80%,1
0xd0c81e...,0.01,0.03,17%,2
0xd05955...,0.01,0.04,19.20%,2
0x60cf4e...,0.01,0.02,50%,1
0xccaf63...,0.01,0,185.70%,1
0x14f149...,0.01,0,177.80%,1
0x746b08...,0.01,0.04,31.60%,1
0xeb076b...,0.01,0.49,2%,2
0x92b9a7...,0.01,0.09,11.10%,1
0x34c3a5...,0.01,0.01,100%,1
0x1317b2...,0.01,0.01,100%,1
0x121548...,0.01,0.04,12.40%,1
0x1b26c2...,0.01,0,104.10%,1
0x34de6d...,0.01,0.2,5.30%,1
0xefb032...,0.01,0.24,5.50%,1
0x94b9de...,0.01,0.02,66.70%,1
0x958df4...,0.01,0.04,25%,1
0xc968c9...,0.01,0.1,5.30%,1
0xc76c52...,0.01,0.05,23.50%,1
0xc6e9a8...,0.01,0,4900%,1
0x0bc559...,0.01,0.49,2%,1
0x38d6a5...,0.01,0.17,6.40%,1
0x983024...,0.01,0.01,100%,3
0x3d19e5...,0.01,0.01,100%,2
0xbfe3df...,0.01,0.01,66.70%,1
0xbfb3c0...,0.01,0,217.50%,2
0x42cebc...,0.01,0.14,5.30%,1
0x57f095...,0.01,0.12,5.60%,4
0x7819b0...,0.01,0.05,11.10%,1
0x7f36d8...,0.01,0.04,22%,1
0x42e219...,0.01,0.99,1%,1
0x453c02...,0.01,0.04,30.90%,3
0x45db57...,0.01,0.01,81.80%,1
0x4621e5...,0.01,0.09,11.10%,1
0x791e31...,0.01,0.05,19%,1
0xb2df98...,0.01,0.07,11.10%,1
0x485e56...,0.01,0.16,8.20%,6
0xaed2f1...,0.01,0.05,11.10%,1
0x4ada1b...,0.01,0.02,54.50%,2
0xa7ab39...,0.01,0.02,51.50%,1
0xa645e8...,0.01,0.01,100%,1
0xc1b873...,0,0,-86.20%,2
0x5ac843...,0,0,-100%,1
0xc66fd3...,0,0.01,-38.30%,1
0x5b0f6f...,0,0.14,-0.90%,2
0x5b18f1...,0,0.01,-47.40%,1
0x36fb45...,0,0,-100%,1
0xebebc6...,0,0.05,-5.20%,2
0x5bd041...,0,0.04,-7.40%,1
0xc64aa0...,0,0,-100%,1
0xd17342...,0,0.26,1.60%,2
0xf0df00...,0,0,-6.60%,1
0x37fa48...,0,0,27.20%,14
0x386106...,0,0.03,1%,1
0x2c04ba...,0,0.02,-17.50%,2
0x000783...,0,0,-100%,1
0x964de4...,0,0.02,25%,1
0xd7e09d...,0,0.1,0%,3
0xb1edd3...,0,0.06,-2.50%,2
0x961bc3...,0,0.18,0%,1
0x1b2093...,0,0,-7.40%,1
0x0113e3...,0,0.05,0%,1
0x955ae1...,0,0,-100%,1
0xeb3a9d...,0,0,-100%,1
0x393376...,0,0.1,4.20%,1
0x5e7b64...,0,1.21,-0.30%,5
0xc4f8e0...,0,0.02,-0.80%,3
0xe20aba...,0,0.02,-16.70%,2
0x06dcf9...,0,0.02,5.30%,1
0x147c07...,0,0.02,-14.80%,2
0x495b7c...,0,0.18,0%,1
0xf5ebcc...,0,0.1,-3.80%,2
0xc3709a...,0,0.03,-9.10%,2
0xfb28b2...,0,0.01,38.90%,2
0xc26733...,0,0,0%,1
0xae41da...,0,0,-100%,1
0x903ddd...,0,0,100%,1
0x62caff...,0,0,-100%,1
0xfe09fd...,0,0,8.10%,1
0x015415...,0,0.01,-12.30%,1
0x62feb9...,0,0.22,0%,1
0xad3960...,0,0.28,0%,3
0xcf8df3...,0,0,11.10%,1
0x4a9a40...,0,0,-100%,1
0xac7ebe...,0,5.01,-0.10%,9
0x3b1cda...,0,0.03,-11.90%,3
0x2e50ba...,0,0,-100%,1
0xaba74d...,0,0,150%,1
0x000817...,0,0,11.10%,1
0xf48afe...,0,0.1,1.50%,1
0xab4890...,0,0,-100%,1
0x8f02c3...,0,0.01,0%,1
0x8efe50...,0,0.06,7.30%,3
0x2eb998...,0,0.01,-45.70%,1
0xe16090...,0,0.18,0%,3
0x8efe0d...,0,0.1,-1%,2
0x14e3e8...,0,0,-7.70%,1
0x4b8f2d...,0,0,-100%,1
0x664138...,0,0,-7.30%,2
0x4ba634...,0,0,61.30%,1
0x14ea21...,0,0.05,4.20%,1
0x247fca...,0,0.04,-5.70%,1
0x8ea377...,0,0,-100%,1
0x674067...,0,0.01,0%,1
0xd4f123...,0,0.13,-2.70%,5
0x8e5ece...,0,0.01,-100%,1
0x68390e...,0,0.01,-23%,2
0x00718e...,0,0,-100%,2
0x8e192b...,0,0.01,0%,1
0x8d99cb...,0,0.05,7.50%,1
0x114864...,0,0,-100%,1
0x8d18e2...,0,0,15.10%,12
0xa9d971...,0,0,-100%,1
0xcd5f8f...,0,0.01,3.10%,1
0xc009c7...,0,0,-100%,1
0x696103...,0,0.01,-50%,1
0x4d0f7c...,0,0,-100%,1
0x8c2fd1...,0,0,-100%,3
0xa9a8bf...,0,0,-100%,1
0xa9528c...,0,0.01,66.70%,1
0x8bb2e9...,0,0.04,-1%,2
0x3017c6...,0,0,66.70%,1
0x3dc389...,0,0.01,-4.80%,2
0xa8447b...,0,0.02,-6.10%,1
0x3dea35...,0,0.1,0%,1
0xdee6d2...,0,0,0%,1
0x6a8712...,0,0,-9.90%,1
0x6a9850...,0,0.05,5.90%,1
0x4dc5a2...,0,0,100%,1
0x114898...,0,0.03,-4.70%,1
0xd492d1...,0,0.01,1.50%,2
0x30f0e0...,0,0,191.30%,1
0x0c23f1...,0,0.01,-7.20%,1
0xe8bfe3...,0,0.05,-5.30%,1
0x07e77c...,0,0,-100%,1
0x8a2cce...,0,0.01,-33.30%,1
0x0c54d5...,0,0.04,2.40%,4
0x896324...,0,0.02,-7.40%,1
0xf3e5d3...,0,0.09,-4.20%,4
0xbe6e33...,0,0.01,-67.10%,7
0xa61f1a...,0,0.1,0%,2
0x317c84...,0,0.01,27.70%,3
0xf75b78...,0,0.26,-2%,3
0xa61773...,0,0.1,3.10%,2
0x4fdded...,0,0.01,-30.60%,2
0xee0f96...,0,2,0%,2
0x052a12...,0,0.18,-2.80%,2
0x31e4eb...,0,0.01,66.70%,1
0x325c97...,0,0,-100%,1
0xa4e1d2...,0,0.1,1%,1
0x6dbb95...,0,0.28,-0.50%,6
0x0cbecf...,0,0,0%,1
0x512eae...,0,0.08,1.50%,3
0xcc09d4...,0,0.05,7.50%,1
0x32aa30...,0,0.08,-3.90%,2
0x1208f0...,0,0,-100%,1
0x02a58a...,0,0.01,11.10%,1
0x411be5...,0,0.1,3.10%,2
0xbbbbed...,0,0,-100%,1
0x412f51...,0,0,-100%,1
0xdae190...,0,0.04,-7.40%,1
0x338272...,0,0.02,1.50%,1
0x33881b...,0,0,-100%,1
0xfed0d0...,0,0,-100%,1
0xfae87e...,0,0.02,-7.40%,1
0xba8ec1...,0,0.01,-3.90%,2
0x530cf0...,0,0,-100%,1
0x1223f3...,0,0,-100%,1
0xda5dfd...,0,0,-100%,1
0xb9a83b...,0,0,-100%,1
0xa17ce5...,0,0.06,-9.10%,1
0xa0ddc2...,0,0.03,-13.60%,2
0x544468...,0,0,5.40%,1
0xf309ed...,0,0,-100%,1
0xfd2788...,0,0.03,-3.70%,2
0x0947d4...,0,0.07,5.30%,1
0xd9c447...,0,0.11,-4.80%,2
0x185f56...,0,0,203%,5
0x8498e2...,0,0.01,-50%,1
0x84491b...,0,0.01,-5.20%,2
0xb84145...,0,0,100%,1
0x83f960...,0,0,-6.80%,5
0xb7922c...,0,0,-100%,1
0x9ff205...,0,0,58.70%,1
0x00d821...,0,0,-100%,1
0x126138...,0,0,-100%,1
0x8322e4...,0,0,-22.50%,2
0xb6cbca...,0,0,-100%,1
0xd99b4e...,0,0.01,0%,1
0x9fc764...,0,0,-100%,1
0x8239ff...,0,0,-100%,1
0xe4748b...,0,0.03,0%,2
0x0e0dcd...,0,0.01,-13.70%,3
0x35663b...,0,0,0%,2
0x215fed...,0,0,-100%,1
0xb657f7...,0,0.02,-25.60%,2
0x758f71...,0,0,-100%,1
0x7594c0...,0,0,-100%,1
0xd2357f...,0,0.01,11.10%,1
0x817f4d...,0,0.1,-2.90%,2
0x05f1c3...,0,0.05,-6.90%,1
0x76273d...,0,0,-100%,2
0xb5c351...,0,0.01,-50%,1
0x7fef07...,0,0,-100%,1
0x58068f...,0,0.01,42.90%,1
0xece163...,0,0.01,12.40%,2
0xb542e2...,0,0.01,-34.40%,2
0x13410c...,0,0,47.60%,2
0x7fd9bb...,0,0,40.80%,3
0xb46970...,0,2,0.10%,4
0x779995...,0,0.1,-3.80%,1
0x9cf1fa...,0,0.01,-28%,2
0xd1e348...,0,0.02,4.20%,2
0x58def8...,0,0.3,1%,2
0x9cbf18...,0,0,-100%,1
0xfeaf59...,0,0,-100%,2
0x03c391...,0,0,42.90%,1
0x9c0a38...,0,0.07,1.50%,1
0x1a1705...,0,0,-100%,1
0x784b2d...,0,0.02,20.10%,1
0x59b22f...,0,0.01,25%,1
0x03ed29...,0,0.01,11.10%,1
0x2abe08...,0,0,42.90%,1
0x7e80f2...,0,0.01,88.90%,2
0x7e08b6...,0,0,-100%,1
0x364c09...,0,0.05,-4.80%,3
0x7d9600...,0,0,-100%,1
0xfa1044...,0,0.03,-9.40%,1
0xb3c548...,0,0.03,14.30%,1
0x2211f9...,0,0,0%,1
0x997b1b...,0,0.05,-5.30%,1
0x995dcf...,0,1,0%,2
0x7d4f61...,0,0.01,-43.50%,1
0x2b29e4...,0,0.01,-47.40%,1
0xb35339...,0,0.01,0%,3
0x0f8c00...,0,0,4%,1
0x7a4760...,0,0.1,0%,1
0x7a73d1...,0,0,5.30%,1
0x7b8230...,0,0.11,2.40%,2
0x29ef0c...,-0.01,0.01,-100%,1
0xacf51a...,-0.01,0.01,-100%,1
0x3c91f0...,-0.01,0.01,-100%,2
0xffa2be...,-0.01,0.01,-100%,1
0xa230a1...,-0.01,0.01,-48.30%,1
0x039000...,-0.01,0.02,-33.30%,1
0x010afb...,-0.01,0.18,-7.40%,1
0x9424bf...,-0.01,0.01,-100%,5
0xd3e9d6...,-0.01,0.01,-100%,1
0xa12db9...,-0.01,0.07,-8.70%,2
0x15d9f1...,-0.01,0.01,-100%,1
0x93bfa1...,-0.01,0.01,-100%,1
0x862244...,-0.01,0.07,-7.40%,1
0xfe0088...,-0.01,0.03,-47.40%,2
0x5ff5ee...,-0.01,0.01,-100%,1
0x6fbf93...,-0.01,0.06,-16.70%,1
0xf18815...,-0.01,0.02,-30.60%,1
0x6ff3bb...,-0.01,0.01,-100%,2
0x22864b...,-0.01,0.01,-100%,1
0x187532...,-0.01,1.02,-0.90%,7
0x92ac68...,-0.01,0.01,-100%,1
0xcca9e4...,-0.01,0.08,-12.80%,1
0x560173...,-0.01,0.01,-100%,1
0x90c4ed...,-0.01,0.02,-46%,7
0x6262e7...,-0.01,0.17,-5.70%,1
0x446252...,-0.01,0.01,-100%,1
0x3dc979...,-0.01,0.01,-100%,1
0x2b7cb8...,-0.01,0.01,-100%,4
0x7143a1...,-0.01,0.23,-3.30%,3
0x0dee24...,-0.01,0.26,-3.80%,1
0x569bc1...,-0.01,0.05,-10.20%,4
0x273dcb...,-0.01,0.71,-2%,5
0xe47a48...,-0.01,0.76,-1.30%,2
0x2c1606...,-0.01,0.14,-5.20%,2
0xc6be84...,-0.01,0.01,-100%,2
0x71edcf...,-0.01,0.04,-37.50%,1
0x6365ca...,-0.01,0.01,-100%,1
0x9feab7...,-0.01,0.01,-100%,1
0x8fe275...,-0.01,0.11,-7.20%,1
0xc68993...,-0.01,0.01,-100%,1
0xbf489d...,-0.01,0.01,-100%,1
0x22d941...,-0.01,0.02,-41.80%,5
0xa9b9ef...,-0.01,0.02,-23.50%,3
0xda907a...,-0.01,0.01,-100%,1
0x45bdcb...,-0.01,0.01,-100%,1
0xed8b0f...,-0.01,0.66,-0.90%,5
0x2ccc63...,-0.01,0.01,-100%,2
0xa905b3...,-0.01,0.04,-32%,1
0x4d70eb...,-0.01,0.91,-0.70%,5
0xa862b5...,-0.01,0.31,-3.80%,3
0xe1b7a7...,-0.01,0.01,-100%,1
0xcb993a...,-0.01,0.02,-31.50%,1
0x5861f8...,-0.01,0.02,-52.40%,1
0x37e519...,-0.01,0.16,-9%,9
0x66c18a...,-0.01,0.01,-100%,1
0x3f80f9...,-0.01,0.01,-100%,1
0xd760fd...,-0.01,0.27,-5.50%,31
0x2d0fe5...,-0.01,0.76,-1.30%,2
0x053458...,-0.01,0.03,-21.40%,4
0x16406e...,-0.01,0.01,-100%,1
0xa78465...,-0.01,0.01,-100%,1
0xda13a2...,-0.01,0.03,-39.50%,3
0x9b2802...,-0.01,0.01,-100%,1
0xa66a7e...,-0.01,0.01,-100%,1
0x5985bd...,-0.01,0.01,-100%,1
0x59aa18...,-0.01,0.01,-100%,3
0x339650...,-0.01,0.26,-3.80%,1
0x4f38f2...,-0.01,0.01,-100%,1
0x23dafa...,-0.01,0.51,-1.40%,4
0x9a5982...,-0.01,0.11,-9.10%,3
0x697d27...,-0.01,0.01,-100%,1
0x40af09...,-0.01,0.02,-23.50%,3
0x7fa895...,-0.01,0.03,-21.40%,4
0x0a4ad3...,-0.01,0.01,-100%,1
0xb24856...,-0.01,0.01,-100%,1
0x34113b...,-0.01,0.01,-43.70%,1
0x0a74b7...,-0.01,0.09,-9.40%,1
0x77da10...,-0.01,0.12,-4.80%,2
0x10dbe0...,-0.01,0.01,-100%,1
0xc4121e...,-0.01,0.01,-100%,1
0xe3cc39...,-0.01,0.13,-10.10%,3
0x34a4b7...,-0.01,0.01,-100%,1
0xbb7aa1...,-0.01,0.01,-100%,2
0x787969...,-0.01,0.95,-1.30%,4
0xecbc14...,-0.01,0.01,-100%,2
0x7e84ef...,-0.01,0.15,-9.40%,1
0x34c738...,-0.01,0.06,-16.70%,1
0xe80e8a...,-0.01,0.01,-100%,1
0x5b6711...,-0.01,0.01,-100%,1
0x50ce53...,-0.01,0.01,-100%,1
0x48a9b4...,-0.01,0.01,-100%,1
0x6b563f...,-0.01,0.01,-100%,1
0xba740c...,-0.01,0.01,-100%,1
0x7d72f1...,-0.01,0.01,-100%,1
0x795853...,-0.01,0.05,-25.90%,3
0x797bc8...,-0.01,0.01,-100%,1
0x423368...,-0.01,0.01,-100%,1
0xfb2258...,-0.01,0.01,-100%,1
0xca1fe9...,-0.01,0.01,-100%,1
0xf354fd...,-0.01,0.03,-45.70%,1
0x520c5e...,-0.01,0.11,-9.90%,2
0x7ccc3d...,-0.01,0.01,-100%,1
0x7c8d32...,-0.01,0.01,-100%,1
0xdda897...,-0.01,0.01,-100%,1
0x7c639e...,-0.01,0.01,-100%,1
0x1dffdb...,-0.01,0.01,-100%,1
0xe6e48f...,-0.01,0.11,-5.70%,1
0xe64ea2...,-0.01,0.05,-27.60%,4
0xf7c1d1...,-0.01,0.11,-6.50%,2
0x13d483...,-0.01,0.04,-16.70%,1
0xbf8fe5...,-0.02,0.02,-100%,1
0x1e7a58...,-0.02,0.22,-10.70%,2
0x058251...,-0.02,0.02,-100%,1
0x0dbb74...,-0.02,0.02,-100%,1
0xb188ee...,-0.02,0.02,-100%,1
0x47930c...,-0.02,0.02,-100%,1
0x469d97...,-0.02,0.02,-100%,1
0x7da08f...,-0.02,0.19,-12.30%,1
0x460d38...,-0.02,0.03,-100%,1
0x4562a0...,-0.02,0.02,-100%,1
0xb4168e...,-0.02,0.06,-35.10%,3
0x44255c...,-0.02,0.07,-30.30%,5
0x7e5914...,-0.02,0.52,-4.60%,1
0xefb577...,-0.02,0.04,-64.30%,1
0x4d8c87...,-0.02,0.02,-100%,1
0x7ae29b...,-0.02,0.02,-100%,1
0xa7a3b3...,-0.02,0.02,-100%,1
0x123406...,-0.02,0.02,-100%,1
0xedb7cf...,-0.02,0.17,-12%,6
0xa78efc...,-0.02,0.52,-3.40%,4
0xa6f737...,-0.02,0.03,-100%,1
0x4e4d79...,-0.02,0.02,-100%,1
0xa6919d...,-0.02,0.03,-66.10%,4
0xfa4d26...,-0.02,1.02,-2.40%,2
0xfc1d83...,-0.02,0.02,-100%,1
0x4f7925...,-0.02,0.06,-33.40%,1
0x4273c8...,-0.02,0.02,-100%,1
0xba45e6...,-0.02,2.42,-0.90%,4
0x3fb74c...,-0.02,0.53,-4.80%,1
0xbe9703...,-0.02,0.06,-42.50%,1
0x74bfdc...,-0.02,1.34,-1.80%,25
0x0d3fce...,-0.02,0.32,-5%,4
0xbf92a2...,-0.02,0.02,-100%,1
0xc0ee99...,-0.02,1.47,-1.20%,4
0xc27fa6...,-0.02,0.48,-3.80%,1
0xe6afd2...,-0.02,0.02,-100%,1
0x37bb3f...,-0.02,0.02,-100%,1
0x7290df...,-0.02,0.08,-33.30%,1
0x848ab0...,-0.02,0.12,-16.70%,1
0xf45b78...,-0.02,0.02,-96.60%,3
0x36ae26...,-0.02,0.05,-38.30%,1
0x72866e...,-0.02,0.02,-100%,1
0x350e33...,-0.02,0.42,-5.60%,1
0x960b38...,-0.02,0.22,-8%,3
0xcd44cf...,-0.02,0.02,-100%,1
0xf627e5...,-0.02,0.02,-100%,2
0x25a078...,-0.02,0.04,-49.30%,7
0x63a375...,-0.02,0.03,-100%,1
0x1ba7df...,-0.02,0.16,-12.30%,2
0x2265d2...,-0.02,0.06,-37.50%,1
0x1d604e...,-0.02,0.05,-44.40%,1
0x8e4583...,-0.02,0.03,-100%,1
0x21e876...,-0.02,0.02,-100%,1
0x8df005...,-0.02,0.12,-20%,2
0x68a634...,-0.02,0.02,-100%,1
0xda31db...,-0.02,0.02,-100%,1
0x1f414c...,-0.02,0.02,-100%,2
0x8bd4d9...,-0.02,0.03,-67.40%,3
0x8b91c0...,-0.02,0.02,-100%,1
0x6a2a49...,-0.02,0.02,-100%,1
0x88d322...,-0.02,0.02,-100%,2
0xd05c0c...,-0.03,0.93,-3.30%,10
0x9b2acc...,-0.03,0.2,-17%,10
0xb7174e...,-0.03,0.05,-66.70%,1
0xe46eaf...,-0.03,0.29,-10.10%,2
0xe46adf...,-0.03,0.91,-3.70%,6
0x9a10fc...,-0.03,0.03,-100%,2
0xad9499...,-0.03,0.13,-23.70%,3
0x11caf0...,-0.03,0.03,-100%,1
0xb7c6fc...,-0.03,0.03,-100%,1
0x121253...,-0.03,0.05,-66.70%,1
0x43e4e1...,-0.03,0.18,-17.20%,3
0xfd1be3...,-0.03,0.36,-7.40%,1
0xbb5ad6...,-0.03,0.05,-61.20%,3
0x7aafc3...,-0.03,0.03,-100%,1
0xa32cc4...,-0.03,0.03,-100%,1
0x3f54ee...,-0.03,0.43,-7.40%,2
0xcfee7c...,-0.03,0.16,-16.70%,1
0x2a5d85...,-0.03,0.03,-100%,1
0x26a24b...,-0.03,0.18,-16%,2
0xd3d78c...,-0.03,0.14,-18.40%,3
0x26158c...,-0.03,0.13,-23.60%,4
0x485cbc...,-0.03,0.23,-13%,4
0x256047...,-0.03,0.03,-100%,2
0x53e2fb...,-0.03,0.03,-100%,1
0xd6236e...,-0.03,0.03,-100%,1
0xf4edbd...,-0.03,0.03,-100%,1
0xa0652b...,-0.03,0.03,-100%,1
0x231340...,-0.03,0.04,-76.20%,2
0x4e3938...,-0.03,0.03,-100%,1
0x4a2c5a...,-0.03,0.08,-40.50%,3
0x4ae0db...,-0.03,0.53,-5.70%,1
0xdfb9de...,-0.03,0.08,-36%,3
0x9eee92...,-0.03,0.21,-12.30%,4
0x82bf32...,-0.03,0.03,-100%,2
0xb6fc3a...,-0.03,0.03,-100%,1
0x3cc3dc...,-0.03,0.03,-100%,1
0x3b9183...,-0.03,0.03,-100%,2
0x1db733...,-0.03,0.03,-100%,1
0x13eb43...,-0.03,0.06,-43%,1
0x9d733d...,-0.03,0.03,-100%,1
0xc2af14...,-0.03,0.13,-22.50%,2
0x0c713d...,-0.03,0.13,-22.50%,2
0xc2ef8f...,-0.03,0.58,-5.70%,6
0x1def14...,-0.03,0.73,-3.50%,9
0x368be1...,-0.04,0.38,-10.90%,6
0x3ae9a7...,-0.04,0.05,-100%,1
0x1057be...,-0.04,0.09,-42.90%,3
0x1e0a8b...,-0.04,0.14,-29.10%,1
0x1e17a7...,-0.04,0.04,-100%,2
0xf4b350...,-0.04,0.04,-100%,1
0x4d9c1c...,-0.04,0.04,-100%,1
0x8ad05d...,-0.04,0.05,-76.60%,6
0x783d68...,-0.04,0.04,-100%,1
0x7795d2...,-0.04,0.04,-100%,1
0x88ea91...,-0.04,0.04,-100%,1
0xdb5166...,-0.04,0.1,-41.50%,2
0x038de0...,-0.04,0.09,-41.20%,3
0xebf267...,-0.04,0.04,-100%,1
0x49f9d4...,-0.04,0.04,-100%,1
0x4303fc...,-0.04,0.04,-100%,1
0xf29cbc...,-0.04,0.94,-4.70%,2
0x4d69a1...,-0.04,0.04,-100%,1
0xeb2210...,-0.04,0.1,-39.10%,1
0xa576e7...,-0.04,0.04,-100%,1
0x06666c...,-0.04,0.06,-58.30%,1
0xb9cdd7...,-0.04,0.04,-100%,2
0x212c7e...,-0.04,0.04,-100%,1
0xa4d627...,-0.04,0.14,-29.60%,2
0x447429...,-0.04,0.04,-100%,1
0xb4eef1...,-0.04,0.54,-7.20%,1
0xfc6d4d...,-0.04,0.05,-80%,2
0xbcb4f6...,-0.04,0.04,-100%,1
0xf432d9...,-0.04,0.04,-100%,1
0x163b5f...,-0.04,0.04,-100%,1
0x879b61...,-0.04,0.09,-44.40%,2
0x9f5a2e...,-0.04,0.27,-13.60%,3
0x8e87cb...,-0.04,0.04,-100%,1
0x452386...,-0.04,0.09,-42.70%,3
0xe8271d...,-0.04,0.05,-75%,1
0xf8d575...,-0.04,0.04,-100%,1
0x0d85de...,-0.04,0.04,-100%,2
0x799fc7...,-0.04,0.04,-100%,3
0x4b6826...,-0.04,0.04,-100%,1
0xb1ec29...,-0.04,0.04,-100%,1
0x482be2...,-0.04,0.54,-7.40%,1
0x73e3d5...,-0.04,0.04,-100%,1
0x590abb...,-0.04,0.04,-100%,1
0xc3f58d...,-0.04,0.04,-100%,2
0x4b60d8...,-0.04,0.09,-44.40%,1
0x38cc13...,-0.04,0.04,-100%,1
0xe4273c...,-0.04,0.04,-100%,1
0xb3ab49...,-0.04,0.04,-100%,1
0x9037a7...,-0.04,0.09,-45.70%,2
0x88f659...,-0.04,0.04,-100%,1
0xc73919...,-0.04,0.04,-100%,1
0xc94038...,-0.04,0.09,-46.20%,2
0x2661ae...,-0.04,0.14,-27%,1
0x01a350...,-0.04,0.04,-100%,1
0x1a171a...,-0.04,0.05,-100%,1
0x855205...,-0.04,0.04,-100%,2
0x9173f7...,-0.04,0.07,-52.40%,1
0x2f87c2...,-0.04,0.05,-78.70%,2
0x0b5fd6...,-0.04,0.04,-100%,1
0x85897e...,-0.04,0.04,-100%,3
0xf5d8ba...,-0.04,0.06,-59.20%,2
0x795470...,-0.04,0.07,-52.40%,1
0x602984...,-0.04,0.04,-100%,1
0x940d5d...,-0.04,0.04,-100%,1
0xa8733d...,-0.04,0.55,-8.30%,1
0x9e889a...,-0.05,0.05,-100%,1
0xd01e78...,-0.05,0.06,-100%,1
0x8ac5c1...,-0.05,0.25,-20%,2
0x112e60...,-0.05,0.05,-100%,2
0x435b9a...,-0.05,0.05,-100%,1
0x80e704...,-0.05,0.76,-6.50%,2
0x95408f...,-0.05,0.15,-35.10%,2
0xac4705...,-0.05,0.05,-100%,2
0xac3d0d...,-0.05,0.05,-100%,2
0x0ad828...,-0.05,0.05,-100%,1
0x90d8c9...,-0.05,0.05,-100%,2
0x21347d...,-0.05,1.75,-3%,6
0x61f9f9...,-0.05,0.05,-100%,1
0x987928...,-0.05,0.07,-74.40%,1
0x5aaec4...,-0.05,0.06,-100%,3
0x4e374c...,-0.05,0.07,-76.50%,36
0x2029f5...,-0.05,1.04,-5.10%,23
0xbacbda...,-0.05,0.55,-9.10%,1
0x6ef237...,-0.05,0.1,-49.50%,1
0x62cf4b...,-0.05,0.05,-100%,1
0x51acf9...,-0.05,0.05,-100%,1
0x901bba...,-0.05,0.11,-43.20%,1
0x410094...,-0.05,0.05,-100%,1
0x1abbb1...,-0.05,1.6,-3.40%,2
0xb2b097...,-0.05,0.05,-100%,1
0x733971...,-0.05,0.05,-100%,1
0x1854af...,-0.05,0.95,-5.30%,1
0xd55ff3...,-0.05,0.1,-49.90%,1
0x58be3f...,-0.05,0.06,-100%,1
0xd75c20...,-0.05,0.05,-100%,1
0x6ba3ba...,-0.05,0.05,-100%,1
0x1ef2a5...,-0.05,0.09,-61.30%,3
0xb4be7b...,-0.05,1.06,-4.70%,3
0x6c2b44...,-0.05,0.1,-48.30%,1
0xadb7f8...,-0.05,0.05,-100%,1
0xa30359...,-0.05,0.09,-55.80%,3
0xbe2b3b...,-0.05,0.9,-5.70%,1
0x7e38aa...,-0.05,0.05,-100%,1
0x3f0673...,-0.05,0.05,-100%,1
0xa9e06a...,-0.05,0.06,-100%,3
0x57b454...,-0.05,0.07,-80.80%,1
0xbf44a5...,-0.05,0.05,-100%,1
0x578cf8...,-0.05,1.53,-3.50%,11
0xa6ac53...,-0.05,0.15,-31.50%,2
0xf053ad...,-0.06,0.56,-10.60%,2
0x54211d...,-0.06,0.19,-31.30%,32
0x74dd8f...,-0.06,0.06,-100%,3
0xa9f777...,-0.06,2.26,-2.60%,8
0xd87832...,-0.06,0.16,-37.50%,2
0x82f0c3...,-0.06,0.06,-100%,1
0xe14479...,-0.06,0.09,-68.20%,5
0x8a0cc7...,-0.06,0.16,-38.60%,2
0x0d7215...,-0.06,0.06,-100%,2
0x582746...,-0.06,0.06,-100%,1
0x9e4767...,-0.06,0.06,-100%,1
0xd92c86...,-0.06,0.06,-100%,1
0x7b2e78...,-0.06,0.06,-100%,1
0x124e1f...,-0.06,0.06,-100%,1
0x77fb9c...,-0.06,0.06,-100%,2
0xa46fbc...,-0.06,0.06,-100%,1
0x99a5d4...,-0.06,0.38,-16%,3
0x265afa...,-0.06,0.08,-83.20%,34
0x34faa7...,-0.06,1.06,-5.70%,2
0x422db8...,-0.06,0.06,-100%,1
0xeabf7d...,-0.06,0.43,-14.20%,4
0x2cb35a...,-0.06,0.07,-100%,1
0xfa26ab...,-0.06,0.07,-86.10%,3
0xb84f1b...,-0.06,0.06,-100%,1
0xeffa07...,-0.06,0.11,-52.80%,2
0x3efec8...,-0.07,0.07,-100%,1
0xb740d1...,-0.07,0.08,-88.10%,2
0x7988d0...,-0.07,1.8,-4%,3
0x540366...,-0.07,0.4,-16.80%,2
0xafe8f5...,-0.07,0.14,-48.50%,1
0x33b19a...,-0.07,0.07,-100%,1
0xfe6d53...,-0.07,0.07,-100%,1
0x450459...,-0.07,0.12,-58.30%,2
0xd7bde2...,-0.07,0.07,-100%,2
0xab843e...,-0.07,0.18,-36.90%,2
0x74e3d6...,-0.07,0.2,-38%,26
0x009b56...,-0.07,0.07,-100%,1
0xd27055...,-0.07,0.07,-100%,1
0x13754f...,-0.07,1.67,-4.10%,3
0x6b0d96...,-0.07,0.08,-84.20%,1
0x297e62...,-0.07,0.08,-100%,1
0xafbcc3...,-0.07,0.32,-21.30%,3
0x05c435...,-0.07,0.07,-100%,1
0xd934f4...,-0.07,0.08,-100%,2
0x00c385...,-0.07,0.72,-9.10%,7
0xc921f1...,-0.07,0.1,-65.40%,3
0x680caa...,-0.07,0.82,-8.80%,4
0x06566f...,-0.07,0.07,-100%,1
0x397507...,-0.07,2.27,-3%,10
0x0fa23c...,-0.07,0.07,-100%,1
0x5688cc...,-0.07,0.18,-42.90%,3
0xdf36d8...,-0.07,0.11,-65.40%,43
0xf6c393...,-0.07,0.12,-58.50%,2
0xadec67...,-0.07,0.07,-100%,5
0x204909...,-0.07,0.07,-100%,1
0x1dcf9a...,-0.07,0.07,-100%,2
0xa59c96...,-0.07,0.2,-33.80%,5
0xfca6d5...,-0.07,0.07,-100%,2
0x3ef2c4...,-0.07,0.4,-16.70%,1
0xfccb96...,-0.07,0.07,-100%,1
0xa4c62b...,-0.08,0.1,-84.20%,3
0xdaf7aa...,-0.08,0.08,-100%,1
0x803356...,-0.08,0.76,-10.50%,8
0x81bef8...,-0.08,0.08,-100%,1
0x6dd1d7...,-0.08,0.79,-10%,9
0xe836f5...,-0.08,0.08,-100%,1
0x01e6d2...,-0.08,0.17,-47.20%,4
0xc16c2d...,-0.08,0.08,-100%,2
0x585755...,-0.08,0.18,-44.40%,2
0x1b0ac7...,-0.08,0.08,-100%,4
0xfb87ec...,-0.08,0.08,-100%,1
0xf38f63...,-0.08,0.08,-100%,2
0x3782f5...,-0.08,1.11,-6.80%,3
0xe3b1c7...,-0.08,0.12,-67.60%,4
0x358658...,-0.08,0.08,-100%,1
0x98b90e...,-0.08,0.08,-100%,1
0xcf12d2...,-0.08,0.08,-100%,1
0x933921...,-0.08,0.08,-100%,1
0x71b41d...,-0.08,0.08,-100%,1
0x2e091b...,-0.08,0.17,-46.60%,3
0x389a1a...,-0.08,0.08,-98.60%,2
0xc11bda...,-0.09,0.09,-100%,1
0x7fe583...,-0.09,0.09,-100%,1
0x161b06...,-0.09,0.29,-31%,2
0x731df5...,-0.09,0.49,-19%,3
0x4a18c9...,-0.09,0.29,-29.80%,4
0x8684d8...,-0.09,0.3,-30.30%,4
0xe7cc69...,-0.09,0.09,-100%,1
0x89d678...,-0.09,0.72,-12.40%,9
0x5cb479...,-0.09,1.59,-5.60%,1
0x84d62b...,-0.09,0.09,-100%,1
0x7e00f0...,-0.09,0.16,-57.10%,2
0x11b178...,-0.09,0.81,-11.10%,3
0x1d8b26...,-0.09,0.17,-53.80%,9
0x47c3c3...,-0.09,0.46,-19.10%,13
0x578208...,-0.09,0.09,-100%,10
0x6be31c...,-0.09,0.09,-100%,3
0x69d75f...,-0.09,1.61,-5.30%,1
0xeb9de2...,-0.1,0.9,-11.50%,5
0xaec00f...,-0.1,0.1,-100%,1
0x4fd78f...,-0.1,0.1,-100%,1
0xdb0374...,-0.1,0.1,-100%,1
0xde982b...,-0.1,0.1,-100%,1
0xbc8a8e...,-0.1,0.1,-100%,1
0xdf2c7f...,-0.1,0.1,-100%,1
0x1cf41a...,-0.1,0.1,-100%,1
0x3edc08...,-0.1,0.88,-11.90%,4
0x86f34d...,-0.1,1.37,-7.40%,1
0x240fd3...,-0.1,0.89,-11.50%,4
0xc19be7...,-0.1,0.1,-100%,1
0x8307ee...,-0.1,0.1,-100%,1
0x16d7df...,-0.1,0.1,-100%,3
0x593e6b...,-0.1,0.46,-21%,3
0xc497d3...,-0.1,0.39,-25.80%,6
0xc64e10...,-0.1,0.3,-33.40%,8
0x8fdc07...,-0.1,0.1,-100%,1
0x5c0c7a...,-0.1,0.1,-100%,2
0xb34bbb...,-0.1,0.1,-100%,1
0x32fe55...,-0.1,1.1,-8.80%,2
0x80911f...,-0.1,0.1,-100%,1
0x19f45e...,-0.1,0.11,-100%,1
0x9494ae...,-0.1,0.1,-100%,1
0x1abb78...,-0.1,0.1,-100%,2
0x8ca14b...,-0.11,0.11,-100%,1
0x2cfc95...,-0.11,0.79,-14.40%,5
0x749433...,-0.11,0.33,-32%,4
0xc05fbc...,-0.11,0.16,-71.40%,6
0x3f3a22...,-0.11,0.11,-100%,2
0x22f14c...,-0.11,0.81,-13.70%,3
0x686e03...,-0.11,0.11,-100%,1
0x688744...,-0.11,0.11,-100%,2
0xf78251...,-0.11,0.36,-30.60%,1
0xae2d30...,-0.11,0.28,-39.40%,1
0x15edc4...,-0.11,0.11,-100%,1
0x7a0ec3...,-0.11,0.25,-44.30%,3
0xdee47e...,-0.11,0.41,-26.70%,2
0xf95b4e...,-0.11,0.57,-19.10%,4
0x1588bd...,-0.11,0.11,-100%,3
0x6b68b4...,-0.11,0.11,-100%,2
0xf665f2...,-0.11,0.21,-51.80%,3
0xeb38f4...,-0.12,1.05,-11.10%,7
0x32c704...,-0.12,0.17,-71.20%,4
0xc56d50...,-0.12,0.13,-92.10%,2
0xa42897...,-0.12,1.92,-6.40%,7
0x0d0572...,-0.12,0.17,-70.60%,3
0xd6d9d4...,-0.12,0.24,-48.50%,1
0x2fd632...,-0.12,0.13,-100%,1
0x2d29d7...,-0.12,0.12,-100%,1
0x3305fd...,-0.12,0.12,-100%,1
0x5424a8...,-0.12,0.14,-86.10%,8
0x3f8667...,-0.12,0.45,-27.30%,2
0x2f2012...,-0.12,0.52,-23.60%,4
0x593b1a...,-0.12,0.26,-47.90%,1
0x27acc5...,-0.12,0.12,-100%,2
0x4c7d01...,-0.12,0.12,-100%,1
0xaa3597...,-0.13,0.13,-100%,1
0x137eec...,-0.13,0.29,-43.30%,1
0x29d8d4...,-0.13,1.43,-8.80%,8
0xfd6c53...,-0.13,0.13,-100%,3
0x5dd1b4...,-0.13,0.17,-79.20%,3
0x14695e...,-0.13,0.27,-49.10%,4
0x4a466d...,-0.13,0.13,-100%,1
0x484a35...,-0.13,0.16,-83.50%,2
0x14dc99...,-0.13,0.14,-100%,3
0xc13a2c...,-0.13,2.52,-5.10%,2
0x1d419c...,-0.13,0.33,-40%,4
0x69ae67...,-0.13,0.38,-34.20%,2
0x055da5...,-0.13,0.14,-93.10%,5
0x21886c...,-0.14,0.14,-100%,1
0x4963d4...,-0.14,0.14,-100%,2
0x412440...,-0.14,0.24,-58.70%,13
0xb6b7b4...,-0.14,0.14,-100%,1
0x177c71...,-0.14,0.14,-98.90%,5
0x4d5a19...,-0.14,0.37,-39%,1
0xd8e806...,-0.14,5.09,-2.70%,13
0x44bb0b...,-0.14,0.14,-100%,1
0x1e5ac6...,-0.14,0.29,-48.30%,2
0x8f97d2...,-0.14,0.19,-73.30%,4
0xf8a886...,-0.14,0.4,-36.70%,2
0x789a70...,-0.14,0.14,-100%,2
0x0ffec9...,-0.15,2.15,-6.90%,2
0xb43856...,-0.15,0.15,-100%,2
0x9a0235...,-0.15,0.15,-100%,2
0xcb51ce...,-0.15,0.16,-100%,4
0x00df8d...,-0.15,0.28,-52.40%,1
0xc892a4...,-0.15,1.4,-10.70%,2
0x8a591e...,-0.15,1,-15.20%,13
0x9f2584...,-0.15,1.02,-14.80%,2
0xe5fd65...,-0.15,0.65,-23.10%,1
0x1dd230...,-0.15,0.15,-100%,1
0xa1e7c1...,-0.15,0.75,-19.50%,1
0x46449f...,-0.15,0.15,-100%,2
0x527a00...,-0.15,0.15,-100%,30
0x5c5530...,-0.15,0.15,-100%,1
0xfe04e0...,-0.15,0.15,-100%,2
0xcd9028...,-0.15,1.88,-7.80%,12
0xf1d181...,-0.15,0.3,-49.80%,8
0x14563f...,-0.15,0.15,-100%,2
0x5d6d2d...,-0.15,0.15,-100%,1
0xae49bb...,-0.16,4.09,-3.90%,15
0x200d00...,-0.16,0.16,-100%,3
0x6b80ca...,-0.16,0.16,-100%,1
0x5c8cf8...,-0.16,1.57,-10.40%,7
0xe61bdc...,-0.16,0.16,-100%,1
0xb0fb35...,-0.16,0.16,-100%,1
0xe4152a...,-0.16,0.16,-100%,2
0x6aa5a2...,-0.16,1.16,-13.80%,2
0xbcbc82...,-0.16,1.24,-13%,8
0xaead03...,-0.16,0.94,-17.40%,15
0x4c9f4c...,-0.16,0.16,-100%,1
0xc91e62...,-0.16,0.36,-44.40%,6
0xc8f6b1...,-0.16,0.17,-91.60%,2
0x5dcb31...,-0.16,0.16,-100%,2
0x09bbb1...,-0.16,0.16,-100%,3
0x522273...,-0.17,2.31,-7.20%,16
0xee2dad...,-0.17,0.49,-34.20%,1
0x9e1bb5...,-0.17,0.17,-100%,5
0x888d6c...,-0.17,0.17,-100%,1
0xe23c5d...,-0.17,0.22,-77.30%,2
0x42032c...,-0.17,0.37,-45.50%,2
0xb1b7d4...,-0.17,0.17,-100%,1
0x190824...,-0.17,0.32,-52.40%,3
0xb79c11...,-0.18,0.85,-21.60%,1
0x93690d...,-0.18,0.18,-100%,1
0x66b9bd...,-0.18,1.88,-9.40%,2
0x108858...,-0.18,0.18,-100%,1
0xa41d21...,-0.18,0.21,-85.50%,4
0xaf20e5...,-0.18,0.28,-64.70%,5
0x72fa33...,-0.18,0.43,-42.20%,9
0xf4c2bd...,-0.18,0.19,-98.40%,3
0x71ae30...,-0.18,0.93,-19.10%,2
0xb3fbe2...,-0.18,0.22,-84.20%,3
0xce807c...,-0.18,0.18,-100%,1
0x6146a3...,-0.19,5.19,-3.70%,3
0x96aaec...,-0.19,0.89,-21.30%,4
0xdbaa5f...,-0.19,3.71,-5.30%,17
0xe352fd...,-0.19,1.47,-12.90%,2
0xacc606...,-0.19,0.19,-100%,1
0x830432...,-0.19,0.39,-48.70%,2
0x5844fe...,-0.19,0.98,-19.30%,5
0xae7ae3...,-0.19,0.19,-100%,1
0x69005e...,-0.19,0.19,-100%,1
0x19424f...,-0.2,0.2,-100%,2
0x4de137...,-0.2,0.2,-100%,1
0x0c039a...,-0.2,0.35,-57%,3
0xe8f13a...,-0.2,0.22,-90%,3
0x22204f...,-0.2,0.2,-99.50%,6
0xb43587...,-0.2,0.2,-100%,1
0x2fdfb9...,-0.2,4.4,-4.50%,21
0x41d67d...,-0.2,0.2,-100%,1
0xf3ba8b...,-0.2,1.89,-10.50%,2
0xa40eef...,-0.2,0.95,-21%,5
0x822f01...,-0.2,0.2,-100%,1
0x6c0f58...,-0.2,0.27,-74.10%,5
0x79c1f4...,-0.21,0.21,-100%,2
0x9da6f4...,-0.21,0.54,-38.30%,1
0x9c2ce2...,-0.21,0.23,-93.40%,2
0xf27cb7...,-0.21,1.54,-13.40%,2
0xb9b971...,-0.21,0.31,-67.20%,3
0x594f5b...,-0.22,0.22,-100%,1
0x759dfa...,-0.22,0.23,-100%,1
0xd5a84b...,-0.22,0.22,-100%,1
0xc81931...,-0.22,0.23,-100%,2
0x8beed7...,-0.22,3.08,-7%,37
0xc40bd0...,-0.22,0.23,-100%,1
0x8288be...,-0.22,1.12,-19.60%,5
0xad1c5a...,-0.22,0.22,-100%,2
0x840f9a...,-0.22,0.27,-81.70%,2
0x97181b...,-0.22,0.23,-100%,2
0x39443a...,-0.22,0.55,-39.40%,1
0x12cddf...,-0.22,0.23,-100%,1
0x5eaad6...,-0.22,0.37,-58.30%,3
0x89f211...,-0.22,0.22,-100%,1
0x4b3d1b...,-0.22,0.22,-100%,4
0x173216...,-0.22,0.22,-100%,2
0x483967...,-0.23,0.24,-100%,2
0x77c58c...,-0.23,0.23,-100%,2
0x17c6f0...,-0.23,0.24,-100%,1
0xba475b...,-0.23,0.23,-100%,3
0xe6dc72...,-0.23,0.48,-48%,2
0x1bccf5...,-0.23,0.23,-100%,2
0xe700e7...,-0.23,0.74,-32%,3
0x593df2...,-0.23,0.23,-100%,2
0x87bfc1...,-0.24,0.57,-42.30%,1
0x003d1e...,-0.24,0.38,-63%,10
0x9b28c5...,-0.24,0.49,-49.80%,4
0xfe5a65...,-0.24,0.24,-100%,4
0xf87c0e...,-0.24,0.25,-100%,4
0xc218fe...,-0.25,0.75,-33.30%,1
0x11a137...,-0.25,0.25,-100%,1
0x248e8f...,-0.25,0.25,-100%,1
0x1e743a...,-0.25,0.25,-100%,1
0x95b22a...,-0.25,0.58,-42.40%,1
0xbb72e5...,-0.25,0.75,-33.30%,1
0xa35f29...,-0.25,0.58,-42.50%,1
0x7e1feb...,-0.25,4.59,-5.50%,5
0xb806c4...,-0.25,0.25,-100%,1
0x0ae24d...,-0.25,0.26,-100%,2
0xac904e...,-0.25,1.42,-17.50%,7
0x7da42f...,-0.25,0.58,-42.40%,1
0xd4a45d...,-0.26,0.26,-100%,2
0x183d3c...,-0.26,0.88,-30%,4
0x1a1fd1...,-0.26,0.27,-100%,1
0xb067f1...,-0.26,0.73,-35.70%,4
0x22b657...,-0.26,0.54,-47.50%,1
0xde2d12...,-0.26,0.71,-36.30%,4
0xfba822...,-0.26,0.26,-100%,1
0xf327cf...,-0.26,2.35,-11.20%,2
0x220c30...,-0.26,1.3,-20.30%,2
0xd87cfd...,-0.26,1.21,-21.10%,18
0x4dea7a...,-0.27,1.99,-13.60%,9
0x916582...,-0.27,12.82,-2.10%,11
0x483388...,-0.27,0.28,-96.40%,3
0x26e5c2...,-0.27,0.27,-100%,3
0x3bdb9a...,-0.27,0.36,-76.50%,1
0x21dddb...,-0.28,0.28,-100%,1
0x3eb24c...,-0.28,0.28,-100%,3
0x45a661...,-0.28,0.28,-100%,1
0xfdeb77...,-0.28,0.56,-50.20%,2
0xebc2ec...,-0.28,0.28,-100%,1
0x5cdb00...,-0.28,0.38,-73.30%,3
0x172389...,-0.29,0.29,-100%,1
0x0e972b...,-0.29,0.29,-100%,1
0x940582...,-0.29,0.82,-35.40%,7
0x9b1d95...,-0.29,0.29,-100%,1
0x2e4012...,-0.29,0.29,-100%,1
0xa74249...,-0.3,0.3,-100%,1
0xc35447...,-0.3,0.63,-47.50%,1
0x44e9d0...,-0.3,1.55,-19.10%,5
0x885619...,-0.3,0.3,-100%,1
0x186012...,-0.31,1.94,-16.20%,8
0x901971...,-0.31,0.47,-65.10%,3
0x149a59...,-0.31,0.31,-100%,2
0xe765cf...,-0.31,0.32,-100%,2
0xfc730d...,-0.31,0.31,-100%,1
0x54e13c...,-0.31,0.31,-100%,2
0x7ec143...,-0.31,0.31,-100%,3
0x78a50f...,-0.32,0.32,-100%,1
0x935a9f...,-0.32,1.32,-24.50%,4
0xc45106...,-0.32,0.82,-39%,1
0x88b741...,-0.32,0.82,-39%,1
0xc6f621...,-0.33,0.33,-100%,3
0xdec0de...,-0.34,4.34,-7.80%,4
0x923d86...,-0.34,0.34,-100%,2
0xebe2ba...,-0.34,0.97,-34.80%,6
0x1e79fe...,-0.34,0.49,-70.60%,4
0x66115b...,-0.34,0.34,-100%,4
0x4da2e8...,-0.35,0.35,-100%,2
0x044d88...,-0.35,0.46,-78%,5
0x393e71...,-0.35,9.35,-3.70%,6
0x5abe03...,-0.35,0.35,-100%,2
0x59d6b8...,-0.35,0.8,-43.60%,3
0xe73050...,-0.36,4.45,-8.10%,3
0x80c8f7...,-0.36,0.47,-76.50%,13
0x57d1e2...,-0.36,1.06,-34.30%,5
0xf4ae61...,-0.36,0.36,-100%,1
0x78e8c4...,-0.36,0.72,-49.70%,2
0x8c925a...,-0.37,0.84,-43.70%,5
0x81035f...,-0.37,0.97,-38.30%,1
0x729013...,-0.37,0.78,-47.30%,1
0x23e745...,-0.37,2.44,-15.20%,9
0x36230d...,-0.37,0.57,-64.70%,3
0xfacafb...,-0.37,0.37,-100%,1
0x221c00...,-0.38,1.53,-25.20%,10
0xc9c01b...,-0.38,3.67,-10.30%,10
0x816d45...,-0.38,4.67,-8.10%,5
0x20964d...,-0.38,0.38,-100%,6
0x08661d...,-0.38,1.38,-27.50%,3
0xf09c86...,-0.39,0.39,-100%,1
0x35e6e3...,-0.39,1.39,-28.10%,2
0x08c2da...,-0.39,0.39,-100%,1
0x6a250e...,-0.39,0.4,-97.50%,3
0x29fb67...,-0.39,0.49,-79.80%,10
0xf43d1b...,-0.39,1.79,-21.90%,4
0xbf0ac4...,-0.4,0.57,-70.80%,1
0x4d152f...,-0.4,0.4,-100%,13
0xa536cd...,-0.4,0.4,-100%,1
0x42c8a4...,-0.4,0.4,-100%,1
0x6de1c2...,-0.4,0.4,-100%,1
0x21639a...,-0.4,0.4,-100%,3
0x47e902...,-0.4,0.4,-100%,3
0x2523ce...,-0.4,1.5,-26.50%,2
0xcecbe6...,-0.4,0.4,-100%,2
0xa34dc7...,-0.41,1.41,-29%,5
0x5dbccb...,-0.41,1.16,-35.60%,7
0x9e76cd...,-0.41,0.41,-100%,1
0x48dbb9...,-0.41,4.34,-9.40%,17
0x51f0d5...,-0.42,0.42,-100%,4
0x437adc...,-0.42,5,-8.40%,4
0x220f46...,-0.42,0.67,-62.50%,4
0xeeeb08...,-0.42,1.09,-38.80%,2
0x918d77...,-0.42,0.57,-73.90%,8
0x7f86fc...,-0.42,0.42,-100%,1
0x7ffc6b...,-0.43,0.43,-100%,7
0xc5cb38...,-0.44,1.94,-22.70%,3
0xd0c2b3...,-0.44,5.69,-7.80%,8
0xddd7a1...,-0.44,0.44,-100%,1
0xa5960a...,-0.44,1.44,-30.50%,2
0xf3ae3b...,-0.44,2.34,-18.70%,2
0x003b17...,-0.44,0.44,-100%,2
0x4f904e...,-0.44,0.44,-100%,2
0x9a65d3...,-0.44,0.44,-100%,1
0x4feb4a...,-0.44,0.67,-65.70%,17
0xe1f6c9...,-0.44,0.74,-59.50%,4
0xc4b258...,-0.45,7.88,-5.70%,21
0x63d6f8...,-0.45,5.45,-8.30%,2
0xc0c586...,-0.45,0.46,-100%,1
0x11e52c...,-0.45,0.45,-100%,1
0x66ba68...,-0.45,24.2,-1.90%,67
0x73ca49...,-0.46,0.66,-69.70%,4
0xee532b...,-0.46,2.46,-18.70%,3
0x933fb9...,-0.47,1.22,-38.50%,4
0x7a40d3...,-0.47,1,-47.40%,3
0x209446...,-0.47,0.47,-100%,1
0xf012b1...,-0.48,1.15,-42.10%,2
0xf323cd...,-0.48,0.48,-100%,2
0xf2a883...,-0.49,2.79,-17.40%,3
0xb7a7e2...,-0.49,0.75,-66.40%,2
0x132189...,-0.5,0.55,-90.90%,5
0x90cd76...,-0.5,0.5,-100%,1
0x4b3efd...,-0.5,0.5,-100%,1
0x36ef63...,-0.5,0.5,-100%,1
0xf37386...,-0.5,1.7,-29.20%,4
0x305c2f...,-0.5,1.01,-49.30%,6
0xa5aacd...,-0.5,1.29,-38.60%,2
0x01a291...,-0.5,0.5,-100%,3
0x180df1...,-0.5,0.5,-100%,1
0x9ffa1c...,-0.5,0.5,-100%,1
0x65b6e3...,-0.5,0.5,-100%,3
0xff6841...,-0.51,1.28,-40.10%,9
0xf3886c...,-0.51,2.01,-25.40%,2
0xafef03...,-0.52,13.47,-3.80%,66
0x5d47e8...,-0.52,0.53,-98.10%,9
0xc05067...,-0.52,1.22,-42.70%,20
0x9a78a4...,-0.52,2.02,-25.70%,2
0x84ecb3...,-0.55,0.55,-100%,2
0xc408b8...,-0.56,4.59,-12.20%,16
0x1038af...,-0.56,0.56,-100%,4
0x689646...,-0.57,0.57,-100%,6
0xf92d38...,-0.58,0.59,-100%,1
0xbfc896...,-0.59,1.49,-39.80%,27
0x7adf26...,-0.59,0.59,-100%,2
0x0bccca...,-0.6,0.85,-70.60%,1
0x83e81d...,-0.6,0.6,-100%,1
0x446183...,-0.61,2.51,-24.40%,5
0xc74a73...,-0.61,0.86,-71%,10
0xb5a628...,-0.64,1.76,-36.40%,6
0x3fd1dd...,-0.66,10.16,-6.50%,3
0x5a72c9...,-0.66,2.91,-22.60%,4
0xf66f51...,-0.66,0.66,-100%,2
0x28f6f5...,-0.67,2.17,-31%,4
0xf22f00...,-0.67,0.67,-100%,8
0x657234...,-0.68,4.13,-16.60%,60
0xee990b...,-0.68,0.68,-100%,1
0xca9c02...,-0.69,1.14,-60.40%,3
0x5a6505...,-0.69,7.69,-9%,16
0x48a0fd...,-0.7,0.7,-100%,1
0x1602f9...,-0.71,2.06,-34.30%,8
0xaaf5cc...,-0.72,0.72,-100%,1
0xfc18dc...,-0.72,1.31,-55.40%,4
0xfac788...,-0.74,1.25,-59.80%,2
0xbe60b5...,-0.74,7.24,-10.20%,16
0x081d3d...,-0.74,0.74,-100%,1
0x314f5c...,-0.75,0.75,-100%,1
0xb7a8b3...,-0.75,0.95,-78.90%,6
0x4abc62...,-0.75,1.25,-60%,3
0xa3dbec...,-0.75,1.55,-48.30%,1
0xef7f86...,-0.75,1.56,-48.60%,3
0xf7432f...,-0.79,10.98,-7.20%,22
0xff16d6...,-0.8,2.3,-34.70%,2
0x242942...,-0.8,0.8,-100%,4
0x6eb821...,-0.8,0.8,-100%,2
0x929666...,-0.81,1.46,-55.50%,5
0xcdf285...,-0.81,0.81,-100%,1
0x91e506...,-0.81,1.52,-53.80%,7
0x99b665...,-0.81,13.44,-6%,25
0xe5bc15...,-0.82,2.12,-38.80%,4
0x68d36d...,-0.82,1.22,-67.30%,3
0x90f9f2...,-0.83,0.83,-100%,11
0x75afae...,-0.84,0.84,-100%,1
0x622439...,-0.86,0.86,-100%,3
0x53a3c3...,-0.88,1.67,-52.70%,3
0x0fa694...,-0.89,1.9,-46.70%,2
0xa8bbd7...,-0.9,0.9,-100%,4
0xdb856e...,-0.9,0.9,-100%,1
0xfb5a87...,-0.91,0.91,-100%,1
0x363adb...,-0.92,2.42,-38%,6
0x52e0b1...,-0.92,0.92,-100%,1
0x41d3de...,-0.93,18.37,-5.10%,26
0x58dee5...,-0.93,28.4,-3.30%,10
0xb43f7a...,-0.95,0.95,-100%,1
0x3cc729...,-0.96,11.68,-8.20%,5
0x565c4b...,-0.96,3.66,-26.20%,16
0x42aa19...,-0.96,0.96,-100%,2
0x1f9861...,-0.97,18.48,-5.30%,3
0x40307c...,-0.97,0.97,-100%,4
0xcaddd6...,-0.97,3.98,-24.40%,18
0x8fe436...,-0.98,5.15,-18.90%,10
0xe2eb4e...,-0.98,2.32,-42.40%,2
0xd894c0...,-0.98,6.34,-15.40%,9
0xd97a45...,-0.99,0.99,-100%,1
0x9ea170...,-0.99,3.84,-25.80%,31
0x12690c...,-1,1,-100%,1
0x9ee266...,-1,1,-100%,1
0xa114d2...,-1,1,-100%,1
0x6beb7e...,-1,1,-100%,1
0x7fd7bb...,-1,1,-100%,2
0x328926...,-1,1,-100%,1
0x6734f6...,-1,1,-100%,1
0x9de915...,-1.01,1.01,-100%,4
0x7f8427...,-1.03,3.03,-34%,8
0x9e14d2...,-1.03,2.15,-47.90%,5
0x42f847...,-1.04,2.04,-50.90%,4
0x50af5f...,-1.04,1.05,-99%,5
0x41a24b...,-1.05,1.05,-100%,1
0xf62b6d...,-1.05,3.45,-30.40%,10
0xa7bde1...,-1.07,6.4,-16.70%,1
0x426806...,-1.07,3.82,-28.10%,5
0xe80d95...,-1.08,2.75,-39.40%,3
0x138dd5...,-1.09,1.1,-100%,4
0x352106...,-1.09,1.49,-73.20%,8
0xe994ad...,-1.09,2.09,-52.20%,5
0x4c40b0...,-1.11,5.52,-20%,19
0x2958db...,-1.13,2.58,-43.80%,14
0x78b1ab...,-1.14,1.24,-92.40%,2
0x8dc656...,-1.15,2.02,-57%,21
0xfd26cc...,-1.17,13.55,-8.70%,29
0xb00e81...,-1.2,1.25,-96%,3
0x4f50d4...,-1.2,7.79,-15.40%,25
0x57d29c...,-1.2,1.2,-100%,2
0xced0e6...,-1.23,6.86,-17.90%,7
0xb971b7...,-1.23,1.23,-100%,2
0x3d8c8c...,-1.27,8.68,-14.70%,3
0x90f0e5...,-1.27,1.27,-100%,1
0x00399d...,-1.28,14.48,-8.80%,8
0x103c83...,-1.28,1.28,-100%,2
0x1d428e...,-1.29,23.64,-5.40%,12
0x79e66b...,-1.29,4.77,-27.10%,7
0xaff57f...,-1.29,2.39,-54.10%,4
0x62819a...,-1.3,1.3,-100%,2
0x7761a9...,-1.3,19.3,-6.70%,1
0x0e401c...,-1.3,21.3,-6.10%,2
0xbee576...,-1.3,1.3,-100%,2
0x3a1aea...,-1.32,1.32,-100%,1
0x36e7ef...,-1.35,11.15,-12.10%,3
0xd84bc4...,-1.4,2.5,-56%,10
0x390f59...,-1.42,1.42,-100%,2
0x01999c...,-1.42,13.02,-10.90%,9
0x5095cd...,-1.44,7.56,-19%,16
0x7a7578...,-1.46,33.46,-4.40%,4
0xaf71d0...,-1.48,2.18,-67.90%,6
0xe71979...,-1.48,34.03,-4.30%,19
0x3df39e...,-1.48,2.55,-58.10%,7
0xc6f6c8...,-1.49,13.49,-11.10%,11
0xc76091...,-1.49,8.61,-17.30%,13
0xf53d86...,-1.5,1.5,-100%,3
0xef68d7...,-1.5,3.9,-38.40%,11
0x311328...,-1.5,1.5,-100%,4
0x27b953...,-1.51,1.51,-100%,3
0x34172b...,-1.53,3.92,-39%,4
0x5a47dc...,-1.56,14.54,-10.70%,7
0x7fecc2...,-1.59,2.76,-57.70%,3
0xdcd8e4...,-1.6,26.3,-6.10%,7
0x503fa7...,-1.64,24.9,-6.60%,16
0xde7f47...,-1.64,2.1,-78%,4
0x002f9c...,-1.65,2.65,-62.30%,5
0x1983c0...,-1.66,10.22,-16.20%,13
0xd459cd...,-1.69,9.59,-17.60%,5
0x3ee505...,-1.7,23.59,-7.20%,6
0xbee147...,-1.7,3.7,-45.90%,5
0x434715...,-1.7,8.07,-21.10%,35
0x28b460...,-1.73,7.03,-24.60%,2
0xbe131d...,-1.73,3.23,-53.50%,8
0x6a7627...,-1.82,11.49,-15.90%,2
0x42996f...,-1.84,3.57,-51.40%,4
0x068f88...,-1.86,2.06,-90.30%,4
0x6c0d86...,-1.89,3.46,-54.60%,6
0x20ad98...,-1.95,1.96,-100%,2
0xb6a3f1...,-1.99,39.16,-5.10%,48
0xed7abd...,-1.99,1.99,-100%,1
0xb322bb...,-2,8.55,-23.30%,5
0xdf2065...,-2.01,2.01,-100%,5
0xdcd096...,-2.06,11.96,-17.20%,10
0x011ce6...,-2.08,9.05,-23%,5
0x716cd8...,-2.1,2.1,-100%,1
0x3795f8...,-2.13,2.13,-100%,2
0x873278...,-2.13,17.13,-12.40%,8
0x5db15d...,-2.16,2.16,-100%,1
0x34456a...,-2.17,37.87,-5.70%,21
0x871930...,-2.19,14.63,-15%,84
0x88a628...,-2.21,60.37,-3.70%,51
0x935c6a...,-2.22,12.31,-18.10%,25
0xe6f456...,-2.23,32.2,-6.90%,51
0x14a191...,-2.28,2.28,-100%,1
0x29b7d4...,-2.3,6.3,-36.50%,19
0x8b6da5...,-2.33,2.43,-95.90%,4
0xc454e2...,-2.35,7.35,-31.90%,9
0x03b4af...,-2.38,5.83,-40.80%,12
0x31a689...,-2.41,2.91,-82.80%,7
0x0eed6e...,-2.46,2.46,-100%,4
0x01bdb7...,-2.51,2.51,-100%,2
0x149227...,-2.52,2.52,-100%,5
0xc9eeb9...,-2.52,3.56,-70.80%,10
0x871b93...,-2.54,2.54,-100%,6
0x5facde...,-2.54,2.7,-93.90%,8
0xdebbd3...,-2.55,36.94,-6.90%,9
0x4aecd3...,-2.58,7.08,-36.40%,4
0x4825a0...,-2.59,299.03,-0.90%,34
0x8f6d2c...,-2.62,4.5,-58.30%,3
0x0d71d8...,-2.65,6.5,-40.80%,15
0x326312...,-2.75,18.35,-15%,11
0xd03f08...,-2.77,15.27,-18.10%,14
0x745202...,-2.84,2.84,-100%,1
0x26f38d...,-2.91,10.17,-28.60%,15
0xfe95ce...,-2.93,19.26,-15.20%,32
0xa50368...,-3.02,3.02,-100%,2
0xddd30a...,-3.05,47.59,-6.40%,12
0x3f43fb...,-3.07,6.77,-45.30%,3
0x438dd8...,-3.08,18.29,-16.90%,24
0x764f49...,-3.15,17.83,-17.70%,61
0xd762c7...,-3.23,8.08,-40%,16
0x2e3a5f...,-3.26,13.29,-24.50%,33
0x4d3cf4...,-3.27,4.22,-77.50%,9
0xd792e8...,-3.32,9.82,-33.80%,17
0x86ccf8...,-3.32,10.82,-30.70%,5
0x946851...,-3.33,10,-33.30%,1
0x193607...,-3.36,3.36,-100%,6
0x5ab35a...,-3.54,5.89,-60.10%,16
0x5bb5b6...,-3.6,51,-7.10%,23
0x766638...,-3.7,46.2,-8%,2
0xcdf070...,-3.76,7.76,-48.50%,5
0x01c2a3...,-3.76,3.76,-100%,7
0x243be3...,-3.92,34.56,-11.30%,6
0xbccd3e...,-3.95,13.71,-28.80%,9
0x0ba269...,-4.01,16.68,-24.10%,3
0x2fe1b7...,-4.03,7.85,-51.30%,20
0xb40147...,-4.05,4.05,-100%,1
0xae4c8e...,-4.19,80.81,-5.20%,35
0x08899b...,-4.22,4.22,-100%,4
0x8e457d...,-4.27,9.6,-44.40%,3
0xbfbb69...,-4.32,70.81,-6.10%,26
0x80762d...,-4.51,4.51,-100%,4
0x260d45...,-4.51,21.93,-20.60%,16
0x23f6ce...,-4.55,4.55,-100%,3
0xf7c751...,-4.62,54.12,-8.50%,4
0x2c26aa...,-4.67,5.06,-92.40%,2
0xa161fc...,-4.7,17.36,-27%,7
0x831d6f...,-4.76,36.64,-13%,5
0x2b7d0d...,-4.82,5.08,-95.10%,2
0xaba1bb...,-4.94,36.44,-13.60%,6
0xfa66a4...,-4.97,4.97,-100%,2
0xa7c7f8...,-5.09,29.44,-17.30%,27
0x42dd75...,-5.3,5.3,-100%,2
0xfdc63d...,-5.31,14.46,-36.70%,20
0x4d1467...,-5.49,5.52,-99.40%,3
0xa6d5f4...,-5.6,40.75,-13.70%,58
0xbc171a...,-5.7,39.26,-14.50%,66
0x779fd0...,-5.71,11.58,-49.30%,42
0x7224da...,-6.01,61.55,-9.80%,11
0xdc23f9...,-6.05,6.05,-100%,3
0x36df1a...,-6.19,90.04,-6.90%,73
0x74a9a2...,-6.27,22.7,-27.60%,20
0xe89510...,-6.33,158.14,-4%,92
0x57afc5...,-6.39,16.53,-38.60%,37
0x4e6f50...,-6.5,6.5,-100%,13
0x31026b...,-6.65,8.9,-74.70%,16
0xa65e70...,-6.83,15.58,-43.80%,3
0x1d4df1...,-7.01,15.04,-46.60%,4
0xcb7d86...,-7.18,40.38,-17.80%,57
0x13f36e...,-7.19,7.19,-100%,1
0xe1ddb1...,-7.45,7.95,-93.70%,5
0xb95c59...,-7.54,9.15,-82.40%,51
0x96e066...,-7.61,39.61,-19.20%,3
0xc27075...,-7.82,7.82,-100%,8
0x11cbde...,-7.85,8.85,-88.70%,2
0x0d876f...,-8.21,9.41,-87.20%,6
0x4312dd...,-8.36,15.98,-52.30%,7
0xf8adc1...,-8.44,8.44,-100%,1
0x0b4c1b...,-8.5,21.82,-39%,41
0x85810c...,-8.6,8.6,-100%,10
0x43babe...,-9.19,52.55,-17.50%,6
0xef2942...,-9.2,51.45,-17.90%,85
0x834528...,-9.44,9.44,-100%,2
0xb3c9e0...,-11.21,42.36,-26.50%,34
0x655a08...,-11.56,82.15,-14.10%,40
0x3949de...,-11.92,79.17,-15.10%,26
0xa25179...,-13.52,21.7,-62.30%,9
0xcaf2bf...,-13.61,61.72,-22%,17
0xa72250...,-13.77,219.04,-6.30%,33
0x6e5b95...,-14.12,19.57,-72.20%,8
0x526da2...,-14.56,61.23,-23.80%,10
0xd21b32...,-15.08,70.03,-21.50%,7
0x3a7db2...,-16.02,16.52,-97%,10
0xc66447...,-17.65,28.15,-62.70%,7
0x645133...,-17.67,135.06,-13.10%,55
0xd7f51d...,-17.98,37.98,-47.30%,6
0x8d741c...,-18.47,18.47,-100%,4
0xcc8714...,-20.07,62.83,-31.90%,16
0x856f29...,-21.31,44.98,-47.40%,4
0xff53a4...,-22.8,22.8,-100%,1
0x7d391c...,-26.53,26.53,-100%,1
0x4a9767...,-28.02,120.21,-23.30%,98
0x99ab6d...,-30.62,30.62,-100%,2
0xce4c07...,-32.68,161.6,-20.20%,19
0x19deab...,-33.09,33.09,-100%,13
0x5b985d...,-33.48,40.13,-83.40%,16
0x3b460b...,-33.51,56.35,-59.50%,66
0x6b89d6...,-34.02,176.13,-19.30%,16
0x06c68d...,-34.12,164.65,-20.70%,57
0x300cde...,-34.34,55.84,-61.50%,34
0x00007b...,-37,37.5,-98.70%,6
0x434546...,-37.54,522.54,-7.20%,19
0xaa0885...,-39.75,44.12,-90.10%,8
0xa96b43...,-42.36,138.5,-30.60%,151
0xca24e1...,-49.53,724.93,-6.80%,46
0xb9f201...,-54.05,382.47,-14.10%,35
0xfaf959...,-55.35,343.82,-16.10%,39
0x789635...,-57.31,133.06,-43.10%,20
0xe4dbbe...,-60.91,83.6,-72.90%,8
0x693700...,-61.46,261.6,-23.50%,12
0xfd79a3...,-115.31,485.86,-23.70%,31
0xc66ee0...,-137.12,894.09,-15.30%,81
0x60dc0b...,-145.23,2765.09,-5.30%,138
0x5a8415...,-181.98,420.77,-43.20%,98
0xf09c6c...,-189.61,6119.02,-3.10%,212
0xf2153d...,-387.46,549.31,-70.50%,150
0xa0ada0...,-852.27,4384.11,-19.40%,69
0xe4a8df...,-2147.37,2418.28,-88.80%,55